no_8x8dct;no_asm;no_cabac;no_deblock;no_fast_pskip;no_mbtree;no_mixed_refs;no_weightb;rc_lookahead;rc_lookahead_20;rc_lookahead_40;rc_lookahead_60;ref;ref_1;ref_5;ref_9;Performance
0;1;0;0;0;0;0;0;1;1;0;0;1;1;0;0;268.72
0;1;0;1;0;0;0;1;1;1;0;0;1;1;0;0;267.853333333333
1;1;0;1;1;0;1;0;1;1;0;0;1;1;0;0;260.636666666667
1;1;1;0;1;1;0;1;1;0;0;1;1;0;0;1;773.463333333333
1;1;0;1;0;1;0;0;1;0;0;1;1;0;0;1;690.873333333333
1;1;0;1;1;1;0;0;1;0;0;1;1;0;0;1;783.783333333333
1;1;0;1;0;1;0;1;1;0;0;1;1;0;0;1;690.39
1;1;0;1;1;1;0;1;1;0;0;1;1;0;0;1;783.516666666667
1;1;1;1;0;1;0;0;1;0;0;1;1;0;0;1;683.52
1;1;1;1;0;1;0;1;1;0;0;1;1;0;0;1;683.543333333333
1;1;1;1;1;1;0;0;1;0;0;1;1;0;0;1;775.81
1;1;1;1;1;1;0;1;1;0;0;1;1;0;0;1;775.68
1;1;0;0;0;1;1;0;1;0;0;1;1;0;0;1;561.846666666667
1;1;1;0;0;0;1;0;1;1;0;0;1;1;0;0;244.433333333333
1;1;0;0;1;1;1;0;1;0;0;1;1;0;0;1;652.483333333333
1;1;1;0;0;1;1;0;1;0;0;1;1;0;0;1;556.63
1;1;1;0;1;1;1;0;1;0;0;1;1;0;0;1;645.51
1;1;0;1;0;1;1;0;1;0;0;1;1;0;0;1;561.933333333333
1;1;1;1;0;1;1;0;1;0;0;1;1;0;0;1;555.633333333333
1;1;0;1;1;1;1;0;1;0;0;1;1;0;0;1;651.64
1;1;1;1;1;1;1;0;1;0;0;1;1;0;0;1;644.16
1;1;0;0;0;1;1;1;1;0;0;1;1;0;0;1;561.97
1;1;0;0;1;1;1;1;1;0;0;1;1;0;0;1;652.373333333333
1;1;0;1;0;1;1;1;1;0;0;1;1;0;0;1;561.333333333333
1;1;1;0;1;0;1;0;1;1;0;0;1;1;0;0;249.73
1;1;0;1;1;1;1;1;1;0;0;1;1;0;0;1;651.2
1;1;1;0;0;1;1;1;1;0;0;1;1;0;0;1;556.34
1;1;1;1;0;1;1;1;1;0;0;1;1;0;0;1;555.18
1;1;1;0;1;1;1;1;1;0;0;1;1;0;0;1;645.38
1;1;1;1;1;1;1;1;1;0;0;1;1;0;0;1;644.033333333333
0;1;0;0;0;0;0;0;1;0;1;0;1;0;0;1;612.97
0;1;1;0;0;0;0;0;1;0;1;0;1;0;0;1;604.746666666667
0;1;0;0;0;0;0;1;1;0;1;0;1;0;0;1;612.643333333333
0;1;1;0;0;0;0;1;1;0;1;0;1;0;0;1;604.123333333333
0;1;0;0;0;0;1;0;1;0;1;0;1;0;0;1;511.153333333333
1;1;1;1;0;0;1;0;1;1;0;0;1;1;0;0;244.276666666667
0;1;0;0;0;0;1;1;1;0;1;0;1;0;0;1;510.856666666667
0;1;1;0;0;0;1;0;1;0;1;0;1;0;0;1;509.37
0;1;1;0;0;0;1;1;1;0;1;0;1;0;0;1;509.033333333333
0;1;0;0;0;1;0;0;1;0;1;0;1;0;0;1;721.563333333333
0;1;1;0;0;1;0;0;1;0;1;0;1;0;0;1;712.916666666667
0;1;0;0;0;1;1;0;1;0;1;0;1;0;0;1;580.876666666667
0;1;1;0;0;1;1;0;1;0;1;0;1;0;0;1;576.41
0;1;0;0;0;1;0;1;1;0;1;0;1;0;0;1;722.036666666667
0;1;0;0;0;1;1;1;1;0;1;0;1;0;0;1;580.626666666667
0;1;1;0;0;1;0;1;1;0;1;0;1;0;0;1;712.636666666667
1;1;1;1;1;0;1;0;1;1;0;0;1;1;0;0;249.44
0;1;1;0;0;1;1;1;1;0;1;0;1;0;0;1;576.276666666667
1;1;0;0;0;0;0;0;1;0;1;0;1;0;0;1;587.773333333333
1;1;1;0;0;0;0;0;1;0;1;0;1;0;0;1;581.513333333333
1;1;0;0;0;0;0;1;1;0;1;0;1;0;0;1;587.24
1;1;1;0;0;0;0;1;1;0;1;0;1;0;0;1;581.106666666667
1;1;0;0;0;1;0;0;1;0;1;0;1;0;0;1;687.6
1;1;0;0;0;1;0;1;1;0;1;0;1;0;0;1;687.146666666667
1;1;1;0;0;1;0;0;1;0;1;0;1;0;0;1;680.556666666667
1;1;1;0;0;1;0;1;1;0;1;0;1;0;0;1;680.476666666667
1;1;0;0;0;0;1;0;1;0;1;0;1;0;0;1;498.49
1;1;0;0;0;1;1;0;1;1;0;0;1;1;0;0;287.086666666667
1;1;1;0;0;0;1;0;1;0;1;0;1;0;0;1;493.276666666667
1;1;0;0;0;1;1;0;1;0;1;0;1;0;0;1;561.96
1;1;1;0;0;1;1;0;1;0;1;0;1;0;0;1;556.513333333333
1;1;0;0;0;0;1;1;1;0;1;0;1;0;0;1;497.99
1;1;0;0;0;1;1;1;1;0;1;0;1;0;0;1;562.066666666667
1;1;1;0;0;0;1;1;1;0;1;0;1;0;0;1;492.936666666667
1;1;1;0;0;1;1;1;1;0;1;0;1;0;0;1;556.306666666667
0;1;0;0;1;0;0;0;1;0;1;0;1;0;0;1;741.59
0;1;1;0;1;0;0;0;1;0;1;0;1;0;0;1;731.353333333333
0;1;0;0;1;0;0;1;1;0;1;0;1;0;0;1;741.206666666667
1;1;0;1;0;1;1;0;1;1;0;0;1;1;0;0;286.43
0;1;1;0;1;0;0;1;1;0;1;0;1;0;0;1;731.216666666667
0;1;0;0;1;0;1;0;1;0;1;0;1;0;0;1;632.126666666667
0;1;0;0;1;0;1;1;1;0;1;0;1;0;0;1;632.063333333333
0;1;1;0;1;0;1;0;1;0;1;0;1;0;0;1;628.756666666667
0;1;1;0;1;0;1;1;1;0;1;0;1;0;0;1;628.496666666667
1;1;0;0;1;0;0;0;1;0;1;0;1;0;0;1;712.54
1;1;1;0;1;0;0;0;1;0;1;0;1;0;0;1;705.396666666667
1;1;0;0;1;0;1;0;1;0;1;0;1;0;0;1;616.686666666667
1;1;1;0;1;0;1;0;1;0;1;0;1;0;0;1;610.956666666667
1;1;0;0;1;0;0;1;1;0;1;0;1;0;0;1;712.666666666667
1;1;1;0;0;1;1;0;1;1;0;0;1;1;0;0;275.993333333333
1;1;0;0;1;0;1;1;1;0;1;0;1;0;0;1;616.61
1;1;1;0;1;0;0;1;1;0;1;0;1;0;0;1;705.213333333333
1;1;1;0;1;0;1;1;1;0;1;0;1;0;0;1;610.686666666667
0;1;0;0;1;1;0;0;1;0;1;0;1;0;0;1;818.04
0;1;1;0;1;1;0;0;1;0;1;0;1;0;0;1;807.273333333333
0;1;0;0;1;1;0;1;1;0;1;0;1;0;0;1;817.34
0;1;1;0;1;1;0;1;1;0;1;0;1;0;0;1;807
1;1;0;0;1;1;0;0;1;0;1;0;1;0;0;1;780.93
1;1;0;0;1;1;0;1;1;0;1;0;1;0;0;1;780.756666666667
1;1;1;0;1;1;0;0;1;0;1;0;1;0;0;1;773.386666666667
1;1;1;1;0;1;1;0;1;1;0;0;1;1;0;0;275.416666666667
1;1;1;0;1;1;0;1;1;0;1;0;1;0;0;1;773.22
0;1;0;0;1;1;1;0;1;0;1;0;1;0;0;1;672.413333333333
0;1;1;0;1;1;1;0;1;0;1;0;1;0;0;1;666.503333333333
1;1;0;0;1;1;1;0;1;0;1;0;1;0;0;1;652.653333333333
1;1;1;0;1;1;1;0;1;0;1;0;1;0;0;1;645.54
0;1;0;0;1;1;1;1;1;0;1;0;1;0;0;1;672.213333333333
1;1;0;0;1;1;1;1;1;0;1;0;1;0;0;1;652.433333333333
0;1;1;0;1;1;1;1;1;0;1;0;1;0;0;1;666.493333333333
1;1;1;0;1;1;1;1;1;0;1;0;1;0;0;1;645.303333333333
0;1;0;1;0;0;0;0;1;0;1;0;1;0;0;1;616.62
1;1;0;0;1;1;1;0;1;1;0;0;1;1;0;0;291.66
0;1;1;1;0;0;0;0;1;0;1;0;1;0;0;1;607.536666666667
0;1;0;1;0;0;0;1;1;0;1;0;1;0;0;1;616.086666666667
0;1;1;1;0;0;0;1;1;0;1;0;1;0;0;1;607.033333333333
0;1;0;1;0;0;1;0;1;0;1;0;1;0;0;1;510.183333333333
0;1;0;1;0;0;1;1;1;0;1;0;1;0;0;1;510.016666666667
0;1;1;1;0;0;1;0;1;0;1;0;1;0;0;1;508.34
0;1;1;1;0;0;1;1;1;0;1;0;1;0;0;1;508.003333333333
0;1;0;1;0;1;0;0;1;0;1;0;1;0;0;1;726.79
0;1;1;1;0;1;0;0;1;0;1;0;1;0;0;1;715.993333333333
0;1;0;1;0;1;1;0;1;0;1;0;1;0;0;1;580.543333333333
0;1;1;0;0;0;0;1;1;1;0;0;1;1;0;0;260.41
1;1;1;0;1;1;1;0;1;1;0;0;1;1;0;0;279.753333333333
0;1;1;1;0;1;1;0;1;0;1;0;1;0;0;1;575.7
0;1;0;1;0;1;0;1;1;0;1;0;1;0;0;1;726.643333333333
0;1;0;1;0;1;1;1;1;0;1;0;1;0;0;1;580.576666666667
0;1;1;1;0;1;0;1;1;0;1;0;1;0;0;1;715.906666666667
0;1;1;1;0;1;1;1;1;0;1;0;1;0;0;1;575.396666666667
0;1;0;1;1;0;0;0;1;0;1;0;1;0;0;1;744.893333333333
0;1;1;1;1;0;0;0;1;0;1;0;1;0;0;1;733.776666666667
0;1;0;1;1;0;0;1;1;0;1;0;1;0;0;1;744.26
0;1;1;1;1;0;0;1;1;0;1;0;1;0;0;1;733.216666666667
0;1;0;1;1;1;0;0;1;0;1;0;1;0;0;1;821.526666666667
1;1;0;1;1;1;1;0;1;1;0;0;1;1;0;0;291.043333333333
0;1;0;1;1;1;0;1;1;0;1;0;1;0;0;1;821.756666666667
0;1;1;1;1;1;0;0;1;0;1;0;1;0;0;1;809.97
0;1;1;1;1;1;0;1;1;0;1;0;1;0;0;1;809.5
0;1;0;1;1;0;1;0;1;0;1;0;1;0;0;1;631.283333333333
0;1;1;1;1;0;1;0;1;0;1;0;1;0;0;1;627.5
0;1;0;1;1;1;1;0;1;0;1;0;1;0;0;1;671.696666666667
0;1;1;1;1;1;1;0;1;0;1;0;1;0;0;1;665.293333333333
0;1;0;1;1;0;1;1;1;0;1;0;1;0;0;1;631.053333333333
0;1;0;1;1;1;1;1;1;0;1;0;1;0;0;1;671.5
0;1;1;1;1;0;1;1;1;0;1;0;1;0;0;1;627.24
1;1;1;1;1;1;1;0;1;1;0;0;1;1;0;0;279.153333333333
0;1;1;1;1;1;1;1;1;0;1;0;1;0;0;1;665.23
1;1;0;1;0;0;0;0;1;0;1;0;1;0;0;1;590.18
1;1;1;1;0;0;0;0;1;0;1;0;1;0;0;1;583.526666666667
1;1;0;1;0;0;0;1;1;0;1;0;1;0;0;1;589.74
1;1;1;1;0;0;0;1;1;0;1;0;1;0;0;1;583.426666666667
1;1;0;1;0;0;1;0;1;0;1;0;1;0;0;1;497.333333333333
1;1;0;1;0;0;1;1;1;0;1;0;1;0;0;1;496.78
1;1;1;1;0;0;1;0;1;0;1;0;1;0;0;1;492.13
1;1;1;1;0;0;1;1;1;0;1;0;1;0;0;1;491.696666666667
1;1;0;1;1;0;0;0;1;0;1;0;1;0;0;1;715.25
1;1;0;0;0;0;1;1;1;1;0;0;1;1;0;0;254.706666666667
1;1;1;1;1;0;0;0;1;0;1;0;1;0;0;1;706.833333333333
1;1;0;1;1;0;1;0;1;0;1;0;1;0;0;1;615.093333333333
1;1;1;1;1;0;1;0;1;0;1;0;1;0;0;1;609.2
1;1;0;1;1;0;0;1;1;0;1;0;1;0;0;1;714.666666666667
1;1;0;1;1;0;1;1;1;0;1;0;1;0;0;1;615.06
1;1;1;1;1;0;0;1;1;0;1;0;1;0;0;1;706.59
1;1;1;1;1;0;1;1;1;0;1;0;1;0;0;1;608.68
1;1;0;1;0;1;0;0;1;0;1;0;1;0;0;1;690.716666666667
1;1;1;1;0;1;0;0;1;0;1;0;1;0;0;1;683.763333333333
1;1;0;1;0;1;0;1;1;0;1;0;1;0;0;1;690.216666666667
1;1;0;1;0;0;1;1;1;1;0;0;1;1;0;0;254.013333333333
1;1;1;1;0;1;0;1;1;0;1;0;1;0;0;1;683.256666666667
1;1;0;1;1;1;0;0;1;0;1;0;1;0;0;1;783.876666666667
1;1;0;1;1;1;0;1;1;0;1;0;1;0;0;1;783.776666666667
1;1;1;1;1;1;0;0;1;0;1;0;1;0;0;1;775.663333333333
1;1;1;1;1;1;0;1;1;0;1;0;1;0;0;1;775.54
1;1;0;1;0;1;1;0;1;0;1;0;1;0;0;1;561.743333333333
1;1;1;1;0;1;1;0;1;0;1;0;1;0;0;1;555.613333333333
1;1;0;1;1;1;1;0;1;0;1;0;1;0;0;1;651.49
1;1;1;1;1;1;1;0;1;0;1;0;1;0;0;1;644.356666666667
1;1;0;1;0;1;1;1;1;0;1;0;1;0;0;1;561.42
1;1;0;0;1;0;1;1;1;1;0;0;1;1;0;0;261.206666666667
1;1;0;1;1;1;1;1;1;0;1;0;1;0;0;1;651.286666666667
1;1;1;1;0;1;1;1;1;0;1;0;1;0;0;1;555.26
1;1;1;1;1;1;1;1;1;0;1;0;1;0;0;1;643.983333333333
1;1;0;1;1;0;1;1;1;1;0;0;1;1;0;0;260.55
1;1;0;0;0;1;1;1;1;1;0;0;1;1;0;0;287.086666666667
1;1;0;0;1;1;1;1;1;1;0;0;1;1;0;0;291.61
1;1;0;1;0;1;1;1;1;1;0;0;1;1;0;0;286.44
0;1;1;1;0;0;0;1;1;1;0;0;1;1;0;0;259.903333333333
1;1;0;1;1;1;1;1;1;1;0;0;1;1;0;0;290.916666666667
1;1;1;0;0;0;1;1;1;1;0;0;1;1;0;0;244.333333333333
1;1;1;1;0;0;1;1;1;1;0;0;1;1;0;0;244.28
1;1;1;0;0;1;1;1;1;1;0;0;1;1;0;0;276.026666666667
1;1;1;1;0;1;1;1;1;1;0;0;1;1;0;0;275.47
1;1;1;0;1;0;1;1;1;1;0;0;1;1;0;0;249.606666666667
1;1;1;0;1;1;1;1;1;1;0;0;1;1;0;0;279.81
1;1;1;1;1;0;1;1;1;1;0;0;1;1;0;0;249.41
1;1;1;1;1;1;1;1;1;1;0;0;1;1;0;0;279.266666666667
0;1;0;0;0;0;0;0;1;0;1;0;1;1;0;0;270.656666666667
0;1;0;0;1;0;0;1;1;1;0;0;1;1;0;0;275.92
0;1;0;1;0;0;0;0;1;0;1;0;1;1;0;0;270.07
0;1;0;0;1;0;0;0;1;0;1;0;1;1;0;0;278.196666666667
0;1;0;1;1;0;0;0;1;0;1;0;1;1;0;0;277.813333333333
0;1;1;0;0;0;0;0;1;0;1;0;1;1;0;0;262.563333333333
0;1;1;0;1;0;0;0;1;0;1;0;1;1;0;0;268.786666666667
0;1;1;1;0;0;0;0;1;0;1;0;1;1;0;0;262.233333333333
0;1;1;1;1;0;0;0;1;0;1;0;1;1;0;0;268.396666666667
0;1;0;0;0;0;0;1;1;0;1;0;1;1;0;0;270.706666666667
0;1;0;1;0;0;0;1;1;0;1;0;1;1;0;0;270.153333333333
0;1;1;0;0;0;0;1;1;0;1;0;1;1;0;0;262.566666666667
0;1;1;0;1;0;0;1;1;1;0;0;1;1;0;0;266.526666666667
0;1;1;1;0;0;0;1;1;0;1;0;1;1;0;0;262.29
0;1;0;0;1;0;0;1;1;0;1;0;1;1;0;0;278.12
0;1;1;0;1;0;0;1;1;0;1;0;1;1;0;0;268.873333333333
0;1;0;1;1;0;0;1;1;0;1;0;1;1;0;0;277.533333333333
0;1;1;1;1;0;0;1;1;0;1;0;1;1;0;0;268.206666666667
0;1;0;0;0;0;1;0;1;0;1;0;1;1;0;0;270.66
0;1;0;1;0;0;1;0;1;0;1;0;1;1;0;0;270.136666666667
0;1;0;0;1;0;1;0;1;0;1;0;1;1;0;0;278.226666666667
0;1;0;1;1;0;1;0;1;0;1;0;1;1;0;0;277.853333333333
0;1;0;0;0;0;1;1;1;0;1;0;1;1;0;0;270.726666666667
0;1;0;1;1;0;0;1;1;1;0;0;1;1;0;0;275.373333333333
0;1;0;0;1;0;1;1;1;0;1;0;1;1;0;0;278.076666666667
0;1;0;1;0;0;1;1;1;0;1;0;1;1;0;0;270.013333333333
0;1;0;1;1;0;1;1;1;0;1;0;1;1;0;0;277.563333333333
0;1;1;0;0;0;1;0;1;0;1;0;1;1;0;0;262.653333333333
0;1;1;1;0;0;1;0;1;0;1;0;1;1;0;0;262.17
0;1;1;0;0;0;1;1;1;0;1;0;1;1;0;0;262.53
0;1;1;1;0;0;1;1;1;0;1;0;1;1;0;0;262.276666666667
0;1;1;0;1;0;1;0;1;0;1;0;1;1;0;0;268.763333333333
0;1;1;0;1;0;1;1;1;0;1;0;1;1;0;0;268.883333333333
0;1;1;1;1;0;1;0;1;0;1;0;1;1;0;0;268.396666666667
0;1;1;1;1;0;0;1;1;1;0;0;1;1;0;0;266.113333333333
0;1;1;1;1;0;1;1;1;0;1;0;1;1;0;0;268.263333333333
1;1;0;0;0;0;0;0;1;0;1;0;1;1;0;0;256.726666666667
1;1;0;1;0;0;0;0;1;0;1;0;1;1;0;0;256.333333333333
1;1;0;0;1;0;0;0;1;0;1;0;1;1;0;0;263.436666666667
1;1;0;1;1;0;0;0;1;0;1;0;1;1;0;0;262.793333333333
1;1;1;0;0;0;0;0;1;0;1;0;1;1;0;0;246.486666666667
1;1;1;0;1;0;0;0;1;0;1;0;1;1;0;0;251.87
1;1;1;1;0;0;0;0;1;0;1;0;1;1;0;0;246.4
1;1;1;1;1;0;0;0;1;0;1;0;1;1;0;0;251.573333333333
1;1;0;0;0;0;1;0;1;0;1;0;1;1;0;0;256.82
0;1;0;0;0;0;1;0;1;1;0;0;1;1;0;0;268.773333333333
1;1;0;1;0;0;1;0;1;0;1;0;1;1;0;0;256.34
1;1;1;0;0;0;1;0;1;0;1;0;1;1;0;0;246.543333333333
1;1;1;1;0;0;1;0;1;0;1;0;1;1;0;0;246.273333333333
1;1;0;0;1;0;1;0;1;0;1;0;1;1;0;0;263.206666666667
1;1;1;0;1;0;1;0;1;0;1;0;1;1;0;0;251.823333333333
1;1;0;1;1;0;1;0;1;0;1;0;1;1;0;0;262.643333333333
1;1;1;1;1;0;1;0;1;0;1;0;1;1;0;0;251.586666666667
1;1;0;0;0;0;0;1;1;0;1;0;1;1;0;0;256.666666666667
1;1;0;1;0;0;0;1;1;0;1;0;1;1;0;0;256.273333333333
1;1;0;0;1;0;0;1;1;0;1;0;1;1;0;0;263.253333333333
0;1;0;1;0;0;1;0;1;1;0;0;1;1;0;0;268.17
1;1;0;1;1;0;0;1;1;0;1;0;1;1;0;0;262.61
1;1;0;0;0;0;1;1;1;0;1;0;1;1;0;0;256.72
1;1;0;0;1;0;1;1;1;0;1;0;1;1;0;0;263.073333333333
1;1;0;1;0;0;1;1;1;0;1;0;1;1;0;0;256.32
1;1;0;1;1;0;1;1;1;0;1;0;1;1;0;0;262.51
1;1;1;0;0;0;0;1;1;0;1;0;1;1;0;0;246.41
1;1;1;1;0;0;0;1;1;0;1;0;1;1;0;0;246.2
1;1;1;0;0;0;1;1;1;0;1;0;1;1;0;0;246.58
1;1;1;1;0;0;1;1;1;0;1;0;1;1;0;0;246.236666666667
1;1;1;0;1;0;0;1;1;0;1;0;1;1;0;0;251.786666666667
0;1;0;0;1;0;1;0;1;1;0;0;1;1;0;0;276.03
1;1;1;0;1;0;1;1;1;0;1;0;1;1;0;0;251.86
1;1;1;1;1;0;0;1;1;0;1;0;1;1;0;0;251.53
1;1;1;1;1;0;1;1;1;0;1;0;1;1;0;0;251.636666666667
0;1;0;0;0;1;0;0;1;0;1;0;1;1;0;0;305.456666666667
0;1;0;1;0;1;0;0;1;0;1;0;1;1;0;0;305.173333333333
0;1;0;0;1;1;0;0;1;0;1;0;1;1;0;0;310.696666666667
0;1;0;1;1;1;0;0;1;0;1;0;1;1;0;0;310.286666666667
0;1;1;0;0;1;0;0;1;0;1;0;1;1;0;0;295.49
0;1;1;0;1;1;0;0;1;0;1;0;1;1;0;0;299.813333333333
0;1;1;1;0;1;0;0;1;0;1;0;1;1;0;0;295.426666666667
0;1;0;1;0;0;0;0;1;1;0;0;1;1;0;0;268.016666666667
0;1;0;1;1;0;1;0;1;1;0;0;1;1;0;0;275.69
0;1;1;1;1;1;0;0;1;0;1;0;1;1;0;0;299.706666666667
0;1;0;0;0;1;0;1;1;0;1;0;1;1;0;0;305.443333333333
0;1;0;1;0;1;0;1;1;0;1;0;1;1;0;0;305.04
0;1;1;0;0;1;0;1;1;0;1;0;1;1;0;0;295.61
0;1;1;1;0;1;0;1;1;0;1;0;1;1;0;0;295.503333333333
0;1;0;0;1;1;0;1;1;0;1;0;1;1;0;0;310.776666666667
0;1;1;0;1;1;0;1;1;0;1;0;1;1;0;0;299.906666666667
0;1;0;1;1;1;0;1;1;0;1;0;1;1;0;0;310.316666666667
0;1;1;1;1;1;0;1;1;0;1;0;1;1;0;0;299.626666666667
1;1;0;0;0;1;0;0;1;0;1;0;1;1;0;0;287.05
0;1;0;0;0;0;1;1;1;1;0;0;1;1;0;0;268.603333333333
1;1;0;1;0;1;0;0;1;0;1;0;1;1;0;0;286.426666666667
1;1;0;0;1;1;0;0;1;0;1;0;1;1;0;0;291.59
1;1;0;1;1;1;0;0;1;0;1;0;1;1;0;0;291.066666666667
1;1;0;0;0;1;0;1;1;0;1;0;1;1;0;0;287.106666666667
1;1;0;0;1;1;0;1;1;0;1;0;1;1;0;0;291.576666666667
1;1;0;1;0;1;0;1;1;0;1;0;1;1;0;0;286.4
1;1;0;1;1;1;0;1;1;0;1;0;1;1;0;0;291.2
1;1;1;0;0;1;0;0;1;0;1;0;1;1;0;0;276.01
1;1;1;1;0;1;0;0;1;0;1;0;1;1;0;0;275.56
1;1;1;0;0;1;0;1;1;0;1;0;1;1;0;0;275.973333333333
0;1;0;0;1;0;1;1;1;1;0;0;1;1;0;0;275.956666666667
1;1;1;1;0;1;0;1;1;0;1;0;1;1;0;0;275.453333333333
1;1;1;0;1;1;0;0;1;0;1;0;1;1;0;0;279.753333333333
1;1;1;0;1;1;0;1;1;0;1;0;1;1;0;0;279.89
1;1;1;1;1;1;0;0;1;0;1;0;1;1;0;0;279.246666666667
1;1;1;1;1;1;0;1;1;0;1;0;1;1;0;0;279.156666666667
0;1;0;0;0;1;1;0;1;0;1;0;1;1;0;0;305.503333333333
0;1;0;1;0;1;1;0;1;0;1;0;1;1;0;0;305.03
0;1;0;0;1;1;1;0;1;0;1;0;1;1;0;0;310.696666666667
0;1;0;1;1;1;1;0;1;0;1;0;1;1;0;0;310.25
0;1;1;0;0;1;1;0;1;0;1;0;1;1;0;0;295.68
0;1;0;1;0;0;1;1;1;1;0;0;1;1;0;0;268.11
0;1;1;0;1;1;1;0;1;0;1;0;1;1;0;0;299.75
0;1;1;1;0;1;1;0;1;0;1;0;1;1;0;0;295.36
0;1;1;1;1;1;1;0;1;0;1;0;1;1;0;0;299.69
1;1;0;0;0;1;1;0;1;0;1;0;1;1;0;0;287.21
1;1;0;1;0;1;1;0;1;0;1;0;1;1;0;0;286.28
1;1;1;0;0;1;1;0;1;0;1;0;1;1;0;0;275.896666666667
1;1;1;1;0;1;1;0;1;0;1;0;1;1;0;0;275.523333333333
1;1;0;0;1;1;1;0;1;0;1;0;1;1;0;0;291.673333333333
1;1;1;0;1;1;1;0;1;0;1;0;1;1;0;0;279.74
1;1;0;1;1;1;1;0;1;0;1;0;1;1;0;0;291.173333333333
0;1;0;1;1;0;1;1;1;1;0;0;1;1;0;0;275.31
1;1;1;1;1;1;1;0;1;0;1;0;1;1;0;0;279.26
0;1;0;0;0;1;1;1;1;0;1;0;1;1;0;0;305.433333333333
0;1;0;1;0;1;1;1;1;0;1;0;1;1;0;0;305
0;1;0;0;1;1;1;1;1;0;1;0;1;1;0;0;310.753333333333
0;1;0;1;1;1;1;1;1;0;1;0;1;1;0;0;310.283333333333
1;1;0;0;0;1;1;1;1;0;1;0;1;1;0;0;287.036666666667
1;1;0;0;1;1;1;1;1;0;1;0;1;1;0;0;291.603333333333
1;1;0;1;0;1;1;1;1;0;1;0;1;1;0;0;286.336666666667
1;1;0;1;1;1;1;1;1;0;1;0;1;1;0;0;291.21
0;1;1;0;0;1;1;1;1;0;1;0;1;1;0;0;295.58
0;1;1;0;0;0;1;0;1;1;0;0;1;1;0;0;260.48
0;1;1;1;0;1;1;1;1;0;1;0;1;1;0;0;295.446666666667
1;1;1;0;0;1;1;1;1;0;1;0;1;1;0;0;276.01
1;1;1;1;0;1;1;1;1;0;1;0;1;1;0;0;275.406666666667
0;1;1;0;1;1;1;1;1;0;1;0;1;1;0;0;299.84
1;1;1;0;1;1;1;1;1;0;1;0;1;1;0;0;279.903333333333
0;1;1;1;1;1;1;1;1;0;1;0;1;1;0;0;299.733333333333
1;1;1;1;1;1;1;1;1;0;1;0;1;1;0;0;279.193333333333
0;1;0;0;0;0;0;0;1;0;0;1;1;1;0;0;271.966666666667
0;1;0;0;1;0;0;0;1;0;0;1;1;1;0;0;279.356666666667
0;1;1;0;0;0;0;0;1;0;0;1;1;1;0;0;263.823333333333
0;1;1;1;0;0;1;0;1;1;0;0;1;1;0;0;259.963333333333
0;1;1;0;1;0;0;0;1;0;0;1;1;1;0;0;269.916666666667
0;1;0;0;0;0;0;1;1;0;0;1;1;1;0;0;272.003333333333
0;1;1;0;0;0;0;1;1;0;0;1;1;1;0;0;263.643333333333
0;1;0;0;1;0;0;1;1;0;0;1;1;1;0;0;279.333333333333
0;1;1;0;1;0;0;1;1;0;0;1;1;1;0;0;269.95
0;1;0;0;0;0;1;0;1;0;0;1;1;1;0;0;272.13
0;1;0;0;1;0;1;0;1;0;0;1;1;1;0;0;279.533333333333
0;1;0;0;0;0;1;1;1;0;0;1;1;1;0;0;272.053333333333
0;1;0;0;1;0;1;1;1;0;0;1;1;1;0;0;279.303333333333
0;1;1;0;0;0;1;0;1;0;0;1;1;1;0;0;263.886666666667
0;1;1;0;0;0;1;1;1;1;0;0;1;1;0;0;260.38
0;1;1;0;0;0;1;1;1;0;0;1;1;1;0;0;263.753333333333
0;1;1;0;1;0;1;0;1;0;0;1;1;1;0;0;270.09
0;1;1;0;1;0;1;1;1;0;0;1;1;1;0;0;270.063333333333
0;1;0;0;0;1;0;0;1;0;0;1;1;1;0;0;305.383333333333
0;1;0;0;1;1;0;0;1;0;0;1;1;1;0;0;310.606666666667
0;1;1;0;0;1;0;0;1;0;0;1;1;1;0;0;295.576666666667
0;1;1;0;1;1;0;0;1;0;0;1;1;1;0;0;299.866666666667
0;1;0;0;0;1;1;0;1;0;0;1;1;1;0;0;305.35
0;1;1;0;0;1;1;0;1;0;0;1;1;1;0;0;295.62
0;1;0;0;1;1;1;0;1;0;0;1;1;1;0;0;310.673333333333
0;1;1;1;0;0;1;1;1;1;0;0;1;1;0;0;259.84
0;1;1;0;1;1;1;0;1;0;0;1;1;1;0;0;299.89
0;1;0;0;0;1;0;1;1;0;0;1;1;1;0;0;305.5
0;1;0;0;1;1;0;1;1;0;0;1;1;1;0;0;310.686666666667
0;1;0;0;0;1;1;1;1;0;0;1;1;1;0;0;305.433333333333
0;1;0;0;1;1;1;1;1;0;0;1;1;1;0;0;310.673333333333
0;1;1;0;0;1;0;1;1;0;0;1;1;1;0;0;295.606666666667
0;1;1;0;0;1;1;1;1;0;0;1;1;1;0;0;295.683333333333
0;1;1;0;1;1;0;1;1;0;0;1;1;1;0;0;299.85
0;1;1;0;1;1;1;1;1;0;0;1;1;1;0;0;299.96
0;1;0;1;0;0;0;0;1;0;0;1;1;1;0;0;271.336666666667
0;1;1;0;1;0;1;0;1;1;0;0;1;1;0;0;266.67
0;1;0;1;1;0;0;0;1;0;0;1;1;1;0;0;279.036666666667
0;1;1;1;0;0;0;0;1;0;0;1;1;1;0;0;263.366666666667
0;1;1;1;1;0;0;0;1;0;0;1;1;1;0;0;269.733333333333
0;1;0;1;0;0;0;1;1;0;0;1;1;1;0;0;271.38
0;1;1;1;0;0;0;1;1;0;0;1;1;1;0;0;263.363333333333
0;1;0;1;1;0;0;1;1;0;0;1;1;1;0;0;279.083333333333
0;1;1;1;1;0;0;1;1;0;0;1;1;1;0;0;269.523333333333
0;1;0;1;0;1;0;0;1;0;0;1;1;1;0;0;304.96
0;1;0;1;1;1;0;0;1;0;0;1;1;1;0;0;310.226666666667
0;1;0;1;0;1;0;1;1;0;0;1;1;1;0;0;305.146666666667
0;1;0;0;1;0;0;0;1;1;0;0;1;1;0;0;276.103333333333
0;1;1;0;1;0;1;1;1;1;0;0;1;1;0;0;266.51
0;1;0;1;1;1;0;1;1;0;0;1;1;1;0;0;310.326666666667
0;1;1;1;0;1;0;0;1;0;0;1;1;1;0;0;295.353333333333
0;1;1;1;0;1;0;1;1;0;0;1;1;1;0;0;295.423333333333
0;1;1;1;1;1;0;0;1;0;0;1;1;1;0;0;299.813333333333
0;1;1;1;1;1;0;1;1;0;0;1;1;1;0;0;299.796666666667
0;1;0;1;0;0;1;0;1;0;0;1;1;1;0;0;271.416666666667
0;1;0;1;1;0;1;0;1;0;0;1;1;1;0;0;279.096666666667
0;1;1;1;0;0;1;0;1;0;0;1;1;1;0;0;263.403333333333
0;1;1;1;1;0;1;0;1;0;0;1;1;1;0;0;269.583333333333
0;1;0;1;0;1;1;0;1;0;0;1;1;1;0;0;305.026666666667
0;1;1;1;1;0;1;0;1;1;0;0;1;1;0;0;266.22
0;1;1;1;0;1;1;0;1;0;0;1;1;1;0;0;295.413333333333
0;1;0;1;1;1;1;0;1;0;0;1;1;1;0;0;310.263333333333
0;1;1;1;1;1;1;0;1;0;0;1;1;1;0;0;299.676666666667
0;1;0;1;0;0;1;1;1;0;0;1;1;1;0;0;271.403333333333
0;1;0;1;1;0;1;1;1;0;0;1;1;1;0;0;279.013333333333
0;1;0;1;0;1;1;1;1;0;0;1;1;1;0;0;305.103333333333
0;1;0;1;1;1;1;1;1;0;0;1;1;1;0;0;310.253333333333
0;1;1;1;0;0;1;1;1;0;0;1;1;1;0;0;263.373333333333
0;1;1;1;0;1;1;1;1;0;0;1;1;1;0;0;295.41
0;1;1;1;1;0;1;1;1;0;0;1;1;1;0;0;269.493333333333
0;1;1;1;1;0;1;1;1;1;0;0;1;1;0;0;266.273333333333
0;1;1;1;1;1;1;1;1;0;0;1;1;1;0;0;299.676666666667
1;1;0;0;0;0;0;0;1;0;0;1;1;1;0;0;257.973333333333
1;1;0;0;1;0;0;0;1;0;0;1;1;1;0;0;264.293333333333
1;1;1;0;0;0;0;0;1;0;0;1;1;1;0;0;247.73
1;1;1;0;1;0;0;0;1;0;0;1;1;1;0;0;252.963333333333
1;1;0;0;0;0;0;1;1;0;0;1;1;1;0;0;257.926666666667
1;1;1;0;0;0;0;1;1;0;0;1;1;1;0;0;247.506666666667
1;1;0;0;1;0;0;1;1;0;0;1;1;1;0;0;264.286666666667
1;1;1;0;1;0;0;1;1;0;0;1;1;1;0;0;253.01
1;1;0;0;0;0;1;0;1;0;0;1;1;1;0;0;258.113333333333
0;1;0;0;0;1;0;0;1;1;0;0;1;1;0;0;305.4
1;1;0;0;1;0;1;0;1;0;0;1;1;1;0;0;264.38
1;1;0;0;0;0;1;1;1;0;0;1;1;1;0;0;257.876666666667
1;1;0;0;1;0;1;1;1;0;0;1;1;1;0;0;264.33
1;1;1;0;0;0;1;0;1;0;0;1;1;1;0;0;247.716666666667
1;1;1;0;0;0;1;1;1;0;0;1;1;1;0;0;247.693333333333
1;1;1;0;1;0;1;0;1;0;0;1;1;1;0;0;253.126666666667
1;1;1;0;1;0;1;1;1;0;0;1;1;1;0;0;253.08
1;1;0;1;0;0;0;0;1;0;0;1;1;1;0;0;257.463333333333
1;1;0;1;1;0;0;0;1;0;0;1;1;1;0;0;263.91
1;1;1;1;0;0;0;0;1;0;0;1;1;1;0;0;247.483333333333
0;1;0;1;0;1;0;0;1;1;0;0;1;1;0;0;304.9
1;1;1;1;1;0;0;0;1;0;0;1;1;1;0;0;252.826666666667
1;1;0;1;0;0;1;0;1;0;0;1;1;1;0;0;257.406666666667
1;1;1;1;0;0;1;0;1;0;0;1;1;1;0;0;247.666666666667
1;1;0;1;1;0;1;0;1;0;0;1;1;1;0;0;263.846666666667
1;1;1;1;1;0;1;0;1;0;0;1;1;1;0;0;252.78
1;1;0;1;0;0;0;1;1;0;0;1;1;1;0;0;257.45
1;1;0;1;1;0;0;1;1;0;0;1;1;1;0;0;263.853333333333
1;1;0;1;0;0;1;1;1;0;0;1;1;1;0;0;257.53
1;1;0;1;1;0;1;1;1;0;0;1;1;1;0;0;263.92
1;1;1;1;0;0;0;1;1;0;0;1;1;1;0;0;247.516666666667
0;1;0;0;1;1;0;0;1;1;0;0;1;1;0;0;310.58
1;1;1;1;0;0;1;1;1;0;0;1;1;1;0;0;247.536666666667
1;1;1;1;1;0;0;1;1;0;0;1;1;1;0;0;252.736666666667
1;1;1;1;1;0;1;1;1;0;0;1;1;1;0;0;252.63
1;1;0;0;0;1;0;0;1;0;0;1;1;1;0;0;287.113333333333
1;1;0;0;1;1;0;0;1;0;0;1;1;1;0;0;291.643333333333
1;1;1;0;0;1;0;0;1;0;0;1;1;1;0;0;275.97
1;1;1;0;1;1;0;0;1;0;0;1;1;1;0;0;279.84
1;1;0;0;0;1;0;1;1;0;0;1;1;1;0;0;287.106666666667
1;1;1;0;0;1;0;1;1;0;0;1;1;1;0;0;275.96
1;1;0;0;1;1;0;1;1;0;0;1;1;1;0;0;291.53
0;1;0;1;1;1;0;0;1;1;0;0;1;1;0;0;310.176666666667
1;1;1;0;1;1;0;1;1;0;0;1;1;1;0;0;279.756666666667
1;1;0;1;0;1;0;0;1;0;0;1;1;1;0;0;286.353333333333
1;1;0;1;1;1;0;0;1;0;0;1;1;1;0;0;291.14
1;1;0;1;0;1;0;1;1;0;0;1;1;1;0;0;286.326666666667
1;1;0;1;1;1;0;1;1;0;0;1;1;1;0;0;291.056666666667
1;1;1;1;0;1;0;0;1;0;0;1;1;1;0;0;275.453333333333
1;1;1;1;0;1;0;1;1;0;0;1;1;1;0;0;275.426666666667
1;1;1;1;1;1;0;0;1;0;0;1;1;1;0;0;279.223333333333
1;1;1;1;1;1;0;1;1;0;0;1;1;1;0;0;279.216666666667
1;1;0;0;0;1;1;0;1;0;0;1;1;1;0;0;287.053333333333
0;1;1;0;0;1;0;0;1;1;0;0;1;1;0;0;295.47
1;1;0;0;1;1;1;0;1;0;0;1;1;1;0;0;291.483333333333
1;1;1;0;0;1;1;0;1;0;0;1;1;1;0;0;275.986666666667
1;1;1;0;1;1;1;0;1;0;0;1;1;1;0;0;279.853333333333
1;1;0;1;0;1;1;0;1;0;0;1;1;1;0;0;286.47
1;1;1;1;0;1;1;0;1;0;0;1;1;1;0;0;275.39
1;1;0;1;1;1;1;0;1;0;0;1;1;1;0;0;291.276666666667
1;1;1;1;1;1;1;0;1;0;0;1;1;1;0;0;279.13
1;1;0;0;0;1;1;1;1;0;0;1;1;1;0;0;287.063333333333
1;1;0;0;1;1;1;1;1;0;0;1;1;1;0;0;291.586666666667
1;1;0;1;0;1;1;1;1;0;0;1;1;1;0;0;286.456666666667
0;1;1;0;1;1;0;0;1;1;0;0;1;1;0;0;299.66
1;1;0;1;1;1;1;1;1;0;0;1;1;1;0;0;291.236666666667
1;1;1;0;0;1;1;1;1;0;0;1;1;1;0;0;276.073333333333
1;1;1;1;0;1;1;1;1;0;0;1;1;1;0;0;275.46
1;1;1;0;1;1;1;1;1;0;0;1;1;1;0;0;279.926666666667
1;1;1;1;1;1;1;1;1;0;0;1;1;1;0;0;279.246666666667
0;1;0;0;0;0;0;0;1;0;1;0;1;0;1;0;444.6
0;1;0;1;0;0;0;0;1;0;1;0;1;0;1;0;446.633333333333
0;1;0;0;1;0;0;0;1;0;1;0;1;0;1;0;515.543333333333
0;1;0;1;1;0;0;0;1;0;1;0;1;0;1;0;518.143333333333
0;1;1;0;0;0;0;0;1;0;1;0;1;0;1;0;438.196666666667
0;1;1;1;0;1;0;0;1;1;0;0;1;1;0;0;295.366666666667
0;1;1;0;1;0;0;0;1;0;1;0;1;0;1;0;507.75
0;1;1;1;0;0;0;0;1;0;1;0;1;0;1;0;439.606666666667
0;1;1;1;1;0;0;0;1;0;1;0;1;0;1;0;509.273333333333
0;1;0;0;0;0;0;1;1;0;1;0;1;0;1;0;444.333333333333
0;1;0;1;0;0;0;1;1;0;1;0;1;0;1;0;446.6
0;1;1;0;0;0;0;1;1;0;1;0;1;0;1;0;437.933333333333
0;1;1;1;0;0;0;1;1;0;1;0;1;0;1;0;439.26
0;1;0;0;1;0;0;1;1;0;1;0;1;0;1;0;515.663333333333
0;1;1;0;1;0;0;1;1;0;1;0;1;0;1;0;507.39
0;1;0;1;1;0;0;1;1;0;1;0;1;0;1;0;517.123333333333
0;1;0;1;1;0;0;0;1;1;0;0;1;1;0;0;275.426666666667
0;1;1;1;1;1;0;0;1;1;0;0;1;1;0;0;299.636666666667
0;1;1;1;1;0;0;1;1;0;1;0;1;0;1;0;508.623333333333
0;1;0;0;0;0;1;0;1;0;1;0;1;0;1;0;383.053333333333
0;1;0;1;0;0;1;0;1;0;1;0;1;0;1;0;382.12
0;1;0;0;1;0;1;0;1;0;1;0;1;0;1;0;449.28
0;1;0;1;1;0;1;0;1;0;1;0;1;0;1;0;448.53
0;1;0;0;0;0;1;1;1;0;1;0;1;0;1;0;382.883333333333
0;1;0;0;1;0;1;1;1;0;1;0;1;0;1;0;449.133333333333
0;1;0;1;0;0;1;1;1;0;1;0;1;0;1;0;382.01
0;1;0;1;1;0;1;1;1;0;1;0;1;0;1;0;448.11
0;1;1;0;0;0;1;0;1;0;1;0;1;0;1;0;380.663333333333
0;1;0;0;0;1;1;0;1;1;0;0;1;1;0;0;305.26
0;1;1;1;0;0;1;0;1;0;1;0;1;0;1;0;379.456666666667
0;1;1;0;0;0;1;1;1;0;1;0;1;0;1;0;380.276666666667
0;1;1;1;0;0;1;1;1;0;1;0;1;0;1;0;379.4
0;1;1;0;1;0;1;0;1;0;1;0;1;0;1;0;445.836666666667
0;1;1;0;1;0;1;1;1;0;1;0;1;0;1;0;445.456666666667
0;1;1;1;1;0;1;0;1;0;1;0;1;0;1;0;444.606666666667
0;1;1;1;1;0;1;1;1;0;1;0;1;0;1;0;444.38
0;1;0;0;0;1;0;0;1;0;1;0;1;0;1;0;519.583333333333
0;1;0;1;0;1;0;0;1;0;1;0;1;0;1;0;521.843333333333
0;1;0;0;1;1;0;0;1;0;1;0;1;0;1;0;571.396666666667
0;1;0;1;0;1;1;0;1;1;0;0;1;1;0;0;304.966666666667
0;1;0;1;1;1;0;0;1;0;1;0;1;0;1;0;573.63
0;1;1;0;0;1;0;0;1;0;1;0;1;0;1;0;511.58
0;1;1;0;1;1;0;0;1;0;1;0;1;0;1;0;562.676666666667
0;1;1;1;0;1;0;0;1;0;1;0;1;0;1;0;513.233333333333
0;1;1;1;1;1;0;0;1;0;1;0;1;0;1;0;564.2
0;1;0;0;0;1;1;0;1;0;1;0;1;0;1;0;433.223333333333
0;1;0;1;0;1;1;0;1;0;1;0;1;0;1;0;432.666666666667
0;1;1;0;0;1;1;0;1;0;1;0;1;0;1;0;428.383333333333
0;1;1;1;0;1;1;0;1;0;1;0;1;0;1;0;427.753333333333
0;1;0;0;1;1;1;0;1;0;1;0;1;0;1;0;482.876666666667
0;1;1;0;0;1;1;0;1;1;0;0;1;1;0;0;295.506666666667
0;1;1;0;1;1;1;0;1;0;1;0;1;0;1;0;476.913333333333
0;1;0;1;1;1;1;0;1;0;1;0;1;0;1;0;482.256666666667
0;1;1;1;1;1;1;0;1;0;1;0;1;0;1;0;476.33
0;1;0;0;0;1;0;1;1;0;1;0;1;0;1;0;519.153333333333
0;1;0;1;0;1;0;1;1;0;1;0;1;0;1;0;521.606666666667
0;1;0;0;1;1;0;1;1;0;1;0;1;0;1;0;571.31
0;1;0;1;1;1;0;1;1;0;1;0;1;0;1;0;573.4
0;1;0;0;0;1;1;1;1;0;1;0;1;0;1;0;433.153333333333
0;1;0;0;1;1;1;1;1;0;1;0;1;0;1;0;482.613333333333
0;1;0;1;0;1;1;1;1;0;1;0;1;0;1;0;432.796666666667
0;1;1;1;0;1;1;0;1;1;0;0;1;1;0;0;295.256666666667
0;1;0;1;1;1;1;1;1;0;1;0;1;0;1;0;482.04
0;1;1;0;0;1;0;1;1;0;1;0;1;0;1;0;511.343333333333
0;1;1;1;0;1;0;1;1;0;1;0;1;0;1;0;513
0;1;1;0;0;1;1;1;1;0;1;0;1;0;1;0;428.073333333333
0;1;1;1;0;1;1;1;1;0;1;0;1;0;1;0;427.476666666667
0;1;1;0;1;1;0;1;1;0;1;0;1;0;1;0;562.296666666667
0;1;1;0;1;1;1;1;1;0;1;0;1;0;1;0;476.953333333333
0;1;1;1;1;1;0;1;1;0;1;0;1;0;1;0;564.03
0;1;1;1;1;1;1;1;1;0;1;0;1;0;1;0;476.126666666667
1;1;0;0;0;0;0;0;1;0;1;0;1;0;1;0;425.15
0;1;0;0;1;1;1;0;1;1;0;0;1;1;0;0;310.52
1;1;0;1;0;0;0;0;1;0;1;0;1;0;1;0;427.07
1;1;0;0;1;0;0;0;1;0;1;0;1;0;1;0;493.893333333333
1;1;0;1;1;0;0;0;1;0;1;0;1;0;1;0;495.1
1;1;1;0;0;0;0;0;1;0;1;0;1;0;1;0;418.563333333333
1;1;1;0;1;0;0;0;1;0;1;0;1;0;1;0;486.636666666667
1;1;1;1;0;0;0;0;1;0;1;0;1;0;1;0;420.01
1;1;1;1;1;0;0;0;1;0;1;0;1;0;1;0;487.373333333333
1;1;0;0;0;0;0;1;1;0;1;0;1;0;1;0;424.82
1;1;0;1;0;0;0;1;1;0;1;0;1;0;1;0;426.75
1;1;1;0;0;0;0;1;1;0;1;0;1;0;1;0;418.123333333333
0;1;1;0;1;1;1;0;1;1;0;0;1;1;0;0;299.77
1;1;1;1;0;0;0;1;1;0;1;0;1;0;1;0;419.82
1;1;0;0;1;0;0;1;1;0;1;0;1;0;1;0;493.44
1;1;1;0;1;0;0;1;1;0;1;0;1;0;1;0;486.57
1;1;0;1;1;0;0;1;1;0;1;0;1;0;1;0;494.266666666667
1;1;1;1;1;0;0;1;1;0;1;0;1;0;1;0;487.056666666667
1;1;0;0;0;1;0;0;1;0;1;0;1;0;1;0;492.306666666667
1;1;0;1;0;1;0;0;1;0;1;0;1;0;1;0;494.233333333333
1;1;0;0;1;1;0;0;1;0;1;0;1;0;1;0;543.463333333333
1;1;0;1;1;1;0;0;1;0;1;0;1;0;1;0;544.74
1;1;0;0;0;1;0;1;1;0;1;0;1;0;1;0;492.353333333333
0;1;0;1;1;1;1;0;1;1;0;0;1;1;0;0;310.153333333333
1;1;0;0;1;1;0;1;1;0;1;0;1;0;1;0;543.216666666667
1;1;0;1;0;1;0;1;1;0;1;0;1;0;1;0;493.71
1;1;0;1;1;1;0;1;1;0;1;0;1;0;1;0;544.75
1;1;1;0;0;1;0;0;1;0;1;0;1;0;1;0;485.476666666667
1;1;1;1;0;1;0;0;1;0;1;0;1;0;1;0;487.01
1;1;1;0;0;1;0;1;1;0;1;0;1;0;1;0;485.523333333333
1;1;1;1;0;1;0;1;1;0;1;0;1;0;1;0;486.826666666667
1;1;1;0;1;1;0;0;1;0;1;0;1;0;1;0;535.8
1;1;1;0;1;1;0;1;1;0;1;0;1;0;1;0;535.86
1;1;1;1;1;1;0;0;1;0;1;0;1;0;1;0;537.143333333333
0;1;1;1;1;1;1;0;1;1;0;0;1;1;0;0;299.636666666667
1;1;1;1;1;1;0;1;1;0;1;0;1;0;1;0;536.876666666667
1;1;0;0;0;0;1;0;1;0;1;0;1;0;1;0;369.81
1;1;0;1;0;0;1;0;1;0;1;0;1;0;1;0;368.986666666667
1;1;0;0;1;0;1;0;1;0;1;0;1;0;1;0;433.86
1;1;0;1;1;0;1;0;1;0;1;0;1;0;1;0;433
1;1;1;0;0;0;1;0;1;0;1;0;1;0;1;0;364.76
1;1;1;0;1;0;1;0;1;0;1;0;1;0;1;0;428.413333333333
1;1;1;1;0;0;1;0;1;0;1;0;1;0;1;0;363.936666666667
1;1;1;1;1;0;1;0;1;0;1;0;1;0;1;0;427.243333333333
1;1;0;0;0;1;1;0;1;0;1;0;1;0;1;0;414.846666666667
0;1;0;0;0;1;0;1;1;1;0;0;1;1;0;0;305.283333333333
1;1;0;1;0;1;1;0;1;0;1;0;1;0;1;0;414.173333333333
1;1;1;0;0;1;1;0;1;0;1;0;1;0;1;0;408.75
1;1;1;1;0;1;1;0;1;0;1;0;1;0;1;0;408.073333333333
1;1;0;0;1;1;1;0;1;0;1;0;1;0;1;0;463.39
1;1;1;0;1;1;1;0;1;0;1;0;1;0;1;0;456.706666666667
1;1;0;1;1;1;1;0;1;0;1;0;1;0;1;0;462.57
1;1;1;1;1;1;1;0;1;0;1;0;1;0;1;0;455.68
1;1;0;0;0;0;1;1;1;0;1;0;1;0;1;0;369.463333333333
1;1;0;1;0;0;1;1;1;0;1;0;1;0;1;0;368.63
1;1;0;0;1;0;1;1;1;0;1;0;1;0;1;0;433.693333333333
0;1;1;0;0;0;0;0;1;1;0;0;1;1;0;0;260.266666666667
0;1;0;1;0;1;0;1;1;1;0;0;1;1;0;0;304.996666666667
1;1;0;1;1;0;1;1;1;0;1;0;1;0;1;0;432.77
1;1;0;0;0;1;1;1;1;0;1;0;1;0;1;0;414.686666666667
1;1;0;0;1;1;1;1;1;0;1;0;1;0;1;0;463.346666666667
1;1;0;1;0;1;1;1;1;0;1;0;1;0;1;0;413.88
1;1;0;1;1;1;1;1;1;0;1;0;1;0;1;0;462.436666666667
1;1;1;0;0;0;1;1;1;0;1;0;1;0;1;0;364.346666666667
1;1;1;1;0;0;1;1;1;0;1;0;1;0;1;0;363.56
1;1;1;0;0;1;1;1;1;0;1;0;1;0;1;0;408.616666666667
1;1;1;1;0;1;1;1;1;0;1;0;1;0;1;0;407.686666666667
1;1;1;0;1;0;1;1;1;0;1;0;1;0;1;0;428.16
0;1;0;0;1;1;0;1;1;1;0;0;1;1;0;0;310.576666666667
1;1;1;0;1;1;1;1;1;0;1;0;1;0;1;0;456.363333333333
1;1;1;1;1;0;1;1;1;0;1;0;1;0;1;0;427.06
1;1;1;1;1;1;1;1;1;0;1;0;1;0;1;0;455.4
0;1;0;0;0;0;0;0;1;0;0;1;1;0;1;0;445.576666666667
0;1;0;1;0;0;0;0;1;0;0;1;1;0;1;0;447.626666666667
0;1;0;0;1;0;0;0;1;0;0;1;1;0;1;0;516.766666666667
0;1;0;1;1;0;0;0;1;0;0;1;1;0;1;0;518.8
0;1;1;0;0;0;0;0;1;0;0;1;1;0;1;0;439.106666666667
0;1;1;0;1;0;0;0;1;0;0;1;1;0;1;0;508.983333333333
0;1;1;1;0;0;0;0;1;0;0;1;1;0;1;0;440.673333333333
0;1;0;1;1;1;0;1;1;1;0;0;1;1;0;0;310.216666666667
0;1;1;1;1;0;0;0;1;0;0;1;1;0;1;0;510.21
0;1;0;0;0;0;0;1;1;0;0;1;1;0;1;0;445.486666666667
0;1;0;1;0;0;0;1;1;0;0;1;1;0;1;0;447.646666666667
0;1;1;0;0;0;0;1;1;0;0;1;1;0;1;0;439.02
0;1;1;1;0;0;0;1;1;0;0;1;1;0;1;0;440.41
0;1;0;0;1;0;0;1;1;0;0;1;1;0;1;0;516.586666666667
0;1;1;0;1;0;0;1;1;0;0;1;1;0;1;0;508.546666666667
0;1;0;1;1;0;0;1;1;0;0;1;1;0;1;0;518.566666666667
0;1;1;1;1;0;0;1;1;0;0;1;1;0;1;0;509.803333333333
0;1;0;0;0;0;1;0;1;0;0;1;1;0;1;0;384.196666666667
0;1;0;0;0;1;1;1;1;1;0;0;1;1;0;0;305.48
0;1;0;1;0;0;1;0;1;0;0;1;1;0;1;0;383.26
0;1;0;0;1;0;1;0;1;0;0;1;1;0;1;0;450.156666666667
0;1;0;1;1;0;1;0;1;0;0;1;1;0;1;0;449.383333333333
0;1;0;0;0;0;1;1;1;0;0;1;1;0;1;0;383.89
0;1;0;0;1;0;1;1;1;0;0;1;1;0;1;0;450.13
0;1;0;1;0;0;1;1;1;0;0;1;1;0;1;0;382.98
0;1;0;1;1;0;1;1;1;0;0;1;1;0;1;0;449.03
0;1;1;0;0;0;1;0;1;0;0;1;1;0;1;0;381.403333333333
0;1;1;1;0;0;1;0;1;0;0;1;1;0;1;0;380.526666666667
0;1;1;0;0;0;1;1;1;0;0;1;1;0;1;0;381.213333333333
0;1;0;0;1;1;1;1;1;1;0;0;1;1;0;0;310.793333333333
0;1;1;1;0;0;1;1;1;0;0;1;1;0;1;0;380.18
0;1;1;0;1;0;1;0;1;0;0;1;1;0;1;0;446.64
0;1;1;0;1;0;1;1;1;0;0;1;1;0;1;0;446.63
0;1;1;1;1;0;1;0;1;0;0;1;1;0;1;0;445.666666666667
0;1;1;1;1;0;1;1;1;0;0;1;1;0;1;0;445.213333333333
1;1;0;0;0;0;0;0;1;0;0;1;1;0;1;0;426.416666666667
1;1;0;1;0;0;0;0;1;0;0;1;1;0;1;0;428.026666666667
1;1;0;0;1;0;0;0;1;0;0;1;1;0;1;0;494.596666666667
1;1;0;1;1;0;0;0;1;0;0;1;1;0;1;0;495.56
1;1;1;0;0;0;0;0;1;0;0;1;1;0;1;0;419.7
0;1;0;1;0;1;1;1;1;1;0;0;1;1;0;0;304.94
1;1;1;0;1;0;0;0;1;0;0;1;1;0;1;0;487.736666666667
1;1;1;1;0;0;0;0;1;0;0;1;1;0;1;0;421.113333333333
1;1;1;1;1;0;0;0;1;0;0;1;1;0;1;0;488.773333333333
1;1;0;0;0;0;1;0;1;0;0;1;1;0;1;0;370.77
1;1;0;1;0;0;1;0;1;0;0;1;1;0;1;0;369.68
1;1;1;0;0;0;1;0;1;0;0;1;1;0;1;0;365.903333333333
1;1;1;1;0;0;1;0;1;0;0;1;1;0;1;0;365.04
1;1;0;0;1;0;1;0;1;0;0;1;1;0;1;0;434.97
1;1;1;0;1;0;1;0;1;0;0;1;1;0;1;0;429.643333333333
1;1;0;1;1;0;1;0;1;0;0;1;1;0;1;0;433.913333333333
0;1;0;1;1;1;1;1;1;1;0;0;1;1;0;0;310.29
1;1;1;1;1;0;1;0;1;0;0;1;1;0;1;0;428.263333333333
1;1;0;0;0;0;0;1;1;0;0;1;1;0;1;0;425.873333333333
1;1;0;1;0;0;0;1;1;0;0;1;1;0;1;0;427.796666666667
1;1;0;0;1;0;0;1;1;0;0;1;1;0;1;0;494.32
1;1;0;1;1;0;0;1;1;0;0;1;1;0;1;0;495.45
1;1;0;0;0;0;1;1;1;0;0;1;1;0;1;0;370.556666666667
1;1;0;0;1;0;1;1;1;0;0;1;1;0;1;0;434.643333333333
1;1;0;1;0;0;1;1;1;0;0;1;1;0;1;0;369.616666666667
1;1;0;1;1;0;1;1;1;0;0;1;1;0;1;0;433.926666666667
1;1;1;0;0;0;0;1;1;0;0;1;1;0;1;0;419.396666666667
0;1;1;0;0;1;0;1;1;1;0;0;1;1;0;0;295.59
1;1;1;1;0;0;0;1;1;0;0;1;1;0;1;0;420.683333333333
1;1;1;0;0;0;1;1;1;0;0;1;1;0;1;0;365.443333333333
1;1;1;1;0;0;1;1;1;0;0;1;1;0;1;0;364.496666666667
1;1;1;0;1;0;0;1;1;0;0;1;1;0;1;0;487.583333333333
1;1;1;0;1;0;1;1;1;0;0;1;1;0;1;0;429.256666666667
1;1;1;1;1;0;0;1;1;0;0;1;1;0;1;0;488.26
1;1;1;1;1;0;1;1;1;0;0;1;1;0;1;0;428.156666666667
0;1;0;0;0;1;0;0;1;0;0;1;1;0;1;0;519.413333333333
0;1;0;1;0;1;0;0;1;0;0;1;1;0;1;0;521.98
0;1;0;0;1;1;0;0;1;0;0;1;1;0;1;0;571.51
0;1;1;1;0;1;0;1;1;1;0;0;1;1;0;0;295.333333333333
0;1;0;1;1;1;0;0;1;0;0;1;1;0;1;0;573.756666666667
0;1;1;0;0;1;0;0;1;0;0;1;1;0;1;0;511.373333333333
0;1;1;0;1;1;0;0;1;0;0;1;1;0;1;0;562.923333333333
0;1;1;1;0;1;0;0;1;0;0;1;1;0;1;0;513.523333333333
0;1;1;1;1;1;0;0;1;0;0;1;1;0;1;0;564.166666666667
0;1;0;0;0;1;0;1;1;0;0;1;1;0;1;0;518.96
0;1;0;1;0;1;0;1;1;0;0;1;1;0;1;0;521.51
0;1;1;0;0;1;0;1;1;0;0;1;1;0;1;0;511.406666666667
0;1;1;1;0;1;0;1;1;0;0;1;1;0;1;0;512.773333333333
0;1;0;0;1;1;0;1;1;0;0;1;1;0;1;0;571.473333333333
0;1;1;0;0;1;1;1;1;1;0;0;1;1;0;0;295.526666666667
0;1;1;0;1;1;0;1;1;0;0;1;1;0;1;0;562.186666666667
0;1;0;1;1;1;0;1;1;0;0;1;1;0;1;0;573.24
0;1;1;1;1;1;0;1;1;0;0;1;1;0;1;0;564.146666666667
1;1;0;0;0;1;0;0;1;0;0;1;1;0;1;0;492.366666666667
1;1;0;1;0;1;0;0;1;0;0;1;1;0;1;0;494.34
1;1;0;0;1;1;0;0;1;0;0;1;1;0;1;0;543.523333333333
1;1;0;1;1;1;0;0;1;0;0;1;1;0;1;0;544.823333333333
1;1;0;0;0;1;0;1;1;0;0;1;1;0;1;0;492.36
1;1;0;0;1;1;0;1;1;0;0;1;1;0;1;0;543.083333333333
1;1;0;1;0;1;0;1;1;0;0;1;1;0;1;0;493.703333333333
0;1;1;0;1;0;0;0;1;1;0;0;1;1;0;0;266.483333333333
0;1;1;1;0;1;1;1;1;1;0;0;1;1;0;0;295.41
1;1;0;1;1;1;0;1;1;0;0;1;1;0;1;0;544.58
1;1;1;0;0;1;0;0;1;0;0;1;1;0;1;0;485.59
1;1;1;1;0;1;0;0;1;0;0;1;1;0;1;0;486.973333333333
1;1;1;0;0;1;0;1;1;0;0;1;1;0;1;0;485.436666666667
1;1;1;1;0;1;0;1;1;0;0;1;1;0;1;0;487.116666666667
1;1;1;0;1;1;0;0;1;0;0;1;1;0;1;0;535.706666666667
1;1;1;0;1;1;0;1;1;0;0;1;1;0;1;0;535.553333333333
1;1;1;1;1;1;0;0;1;0;0;1;1;0;1;0;537.113333333333
1;1;1;1;1;1;0;1;1;0;0;1;1;0;1;0;536.85
0;1;0;0;0;1;1;0;1;0;0;1;1;0;1;0;433.223333333333
0;1;1;0;1;1;0;1;1;1;0;0;1;1;0;0;299.69
0;1;0;1;0;1;1;0;1;0;0;1;1;0;1;0;432.756666666667
0;1;0;0;1;1;1;0;1;0;0;1;1;0;1;0;482.816666666667
0;1;0;1;1;1;1;0;1;0;0;1;1;0;1;0;482.376666666667
0;1;1;0;0;1;1;0;1;0;0;1;1;0;1;0;428.373333333333
0;1;1;0;1;1;1;0;1;0;0;1;1;0;1;0;476.863333333333
0;1;1;1;0;1;1;0;1;0;0;1;1;0;1;0;427.793333333333
0;1;1;1;1;1;1;0;1;0;0;1;1;0;1;0;476.31
1;1;0;0;0;1;1;0;1;0;0;1;1;0;1;0;414.996666666667
1;1;0;1;0;1;1;0;1;0;0;1;1;0;1;0;414.243333333333
1;1;1;0;0;1;1;0;1;0;0;1;1;0;1;0;408.683333333333
0;1;1;0;1;1;1;1;1;1;0;0;1;1;0;0;299.843333333333
1;1;1;1;0;1;1;0;1;0;0;1;1;0;1;0;407.99
1;1;0;0;1;1;1;0;1;0;0;1;1;0;1;0;463.31
1;1;1;0;1;1;1;0;1;0;0;1;1;0;1;0;456.616666666667
1;1;0;1;1;1;1;0;1;0;0;1;1;0;1;0;462.74
1;1;1;1;1;1;1;0;1;0;0;1;1;0;1;0;455.72
0;1;0;0;0;1;1;1;1;0;0;1;1;0;1;0;433.213333333333
0;1;0;1;0;1;1;1;1;0;0;1;1;0;1;0;432.676666666667
0;1;0;0;1;1;1;1;1;0;0;1;1;0;1;0;482.64
0;1;0;1;1;1;1;1;1;0;0;1;1;0;1;0;482.08
1;1;0;0;0;1;1;1;1;0;0;1;1;0;1;0;414.67
0;1;1;1;1;1;0;1;1;1;0;0;1;1;0;0;299.646666666667
1;1;0;0;1;1;1;1;1;0;0;1;1;0;1;0;463.5
1;1;0;1;0;1;1;1;1;0;0;1;1;0;1;0;413.913333333333
1;1;0;1;1;1;1;1;1;0;0;1;1;0;1;0;462.5
0;1;1;0;0;1;1;1;1;0;0;1;1;0;1;0;428.02
0;1;1;1;0;1;1;1;1;0;0;1;1;0;1;0;427.52
1;1;1;0;0;1;1;1;1;0;0;1;1;0;1;0;408.606666666667
1;1;1;1;0;1;1;1;1;0;0;1;1;0;1;0;407.763333333333
0;1;1;0;1;1;1;1;1;0;0;1;1;0;1;0;476.9
1;1;1;0;1;1;1;1;1;0;0;1;1;0;1;0;456.436666666667
0;1;1;1;1;1;1;1;1;0;0;1;1;0;1;0;476.093333333333
0;1;1;1;1;1;1;1;1;1;0;0;1;1;0;0;299.703333333333
1;1;1;1;1;1;1;1;1;0;0;1;1;0;1;0;455.513333333333
0;1;0;0;0;0;0;0;1;1;0;0;1;0;1;0;442.25
0;1;0;0;1;0;0;0;1;1;0;0;1;0;1;0;514.17
0;1;1;0;0;0;0;0;1;1;0;0;1;0;1;0;436.116666666667
0;1;1;0;1;0;0;0;1;1;0;0;1;0;1;0;505.856666666667
0;1;0;0;0;0;0;1;1;1;0;0;1;0;1;0;442.546666666667
0;1;1;0;0;0;0;1;1;1;0;0;1;0;1;0;435.976666666667
0;1;0;0;1;0;0;1;1;1;0;0;1;0;1;0;513.53
0;1;1;0;1;0;0;1;1;1;0;0;1;0;1;0;505.636666666667
0;1;0;0;0;0;1;0;1;1;0;0;1;0;1;0;381.123333333333
1;1;0;0;0;0;0;0;1;1;0;0;1;1;0;0;254.586666666667
0;1;0;0;1;0;1;0;1;1;0;0;1;0;1;0;447.423333333333
0;1;0;0;0;0;1;1;1;1;0;0;1;0;1;0;380.84
0;1;0;0;1;0;1;1;1;1;0;0;1;0;1;0;447.136666666667
0;1;1;0;0;0;1;0;1;1;0;0;1;0;1;0;378.416666666667
0;1;1;0;0;0;1;1;1;1;0;0;1;0;1;0;378.283333333333
0;1;1;0;1;0;1;0;1;1;0;0;1;0;1;0;443.92
0;1;1;0;1;0;1;1;1;1;0;0;1;0;1;0;443.646666666667
0;1;0;0;0;1;0;0;1;1;0;0;1;0;1;0;519.586666666667
0;1;0;0;1;1;0;0;1;1;0;0;1;0;1;0;571.566666666667
0;1;1;0;0;1;0;0;1;1;0;0;1;0;1;0;511.693333333333
1;1;0;1;0;0;0;0;1;1;0;0;1;1;0;0;254.176666666667
0;1;1;0;1;1;0;0;1;1;0;0;1;0;1;0;562.57
0;1;0;0;0;1;1;0;1;1;0;0;1;0;1;0;433.223333333333
0;1;1;0;0;1;1;0;1;1;0;0;1;0;1;0;428.426666666667
0;1;0;0;1;1;1;0;1;1;0;0;1;0;1;0;482.903333333333
0;1;1;0;1;1;1;0;1;1;0;0;1;0;1;0;476.996666666667
0;1;0;0;0;1;0;1;1;1;0;0;1;0;1;0;519.026666666667
0;1;0;0;1;1;0;1;1;1;0;0;1;0;1;0;571.35
0;1;0;0;0;1;1;1;1;1;0;0;1;0;1;0;433.266666666667
0;1;0;0;1;1;1;1;1;1;0;0;1;0;1;0;482.59
0;1;1;0;0;1;0;1;1;1;0;0;1;0;1;0;511.48
1;1;0;0;1;0;0;0;1;1;0;0;1;1;0;0;261.076666666667
0;1;1;0;0;1;1;1;1;1;0;0;1;0;1;0;428.083333333333
0;1;1;0;1;1;0;1;1;1;0;0;1;0;1;0;562.183333333333
0;1;1;0;1;1;1;1;1;1;0;0;1;0;1;0;476.936666666667
0;1;0;1;0;0;0;0;1;1;0;0;1;0;1;0;444.71
0;1;0;1;1;0;0;0;1;1;0;0;1;0;1;0;516.22
0;1;1;1;0;0;0;0;1;1;0;0;1;0;1;0;437.92
0;1;1;1;1;0;0;0;1;1;0;0;1;0;1;0;507.403333333333
0;1;0;1;0;0;0;1;1;1;0;0;1;0;1;0;444.52
0;1;1;1;0;0;0;1;1;1;0;0;1;0;1;0;437.483333333333
0;1;0;1;1;0;0;1;1;1;0;0;1;0;1;0;515.686666666667
1;1;0;1;1;0;0;0;1;1;0;0;1;1;0;0;260.496666666667
0;1;1;1;1;0;0;1;1;1;0;0;1;0;1;0;506.93
0;1;0;1;0;1;0;0;1;1;0;0;1;0;1;0;521.7
0;1;0;1;1;1;0;0;1;1;0;0;1;0;1;0;573.653333333333
0;1;0;1;0;1;0;1;1;1;0;0;1;0;1;0;521.443333333333
0;1;0;1;1;1;0;1;1;1;0;0;1;0;1;0;573.46
0;1;1;1;0;1;0;0;1;1;0;0;1;0;1;0;513.233333333333
0;1;1;1;0;1;0;1;1;1;0;0;1;0;1;0;512.87
0;1;1;1;1;1;0;0;1;1;0;0;1;0;1;0;564.093333333333
0;1;1;1;1;1;0;1;1;1;0;0;1;0;1;0;564.063333333333
0;1;0;1;0;0;1;0;1;1;0;0;1;0;1;0;380.146666666667
1;1;1;0;0;0;0;0;1;1;0;0;1;1;0;0;244.39
0;1;0;1;1;0;1;0;1;1;0;0;1;0;1;0;446.68
0;1;1;1;0;0;1;0;1;1;0;0;1;0;1;0;377.83
0;1;1;1;1;0;1;0;1;1;0;0;1;0;1;0;442.81
0;1;0;1;0;1;1;0;1;1;0;0;1;0;1;0;432.773333333333
0;1;1;1;0;1;1;0;1;1;0;0;1;0;1;0;427.66
0;1;0;1;1;1;1;0;1;1;0;0;1;0;1;0;482.373333333333
0;1;1;1;1;1;1;0;1;1;0;0;1;0;1;0;476.223333333333
0;1;0;1;0;0;1;1;1;1;0;0;1;0;1;0;380.1
0;1;0;1;1;0;1;1;1;1;0;0;1;0;1;0;446.25
0;1;0;1;0;1;1;1;1;1;0;0;1;0;1;0;432.723333333333
0;1;1;1;0;0;0;0;1;1;0;0;1;1;0;0;259.806666666667
1;1;1;0;1;0;0;0;1;1;0;0;1;1;0;0;249.496666666667
0;1;0;1;1;1;1;1;1;1;0;0;1;0;1;0;482.083333333333
0;1;1;1;0;0;1;1;1;1;0;0;1;0;1;0;377.503333333333
0;1;1;1;0;1;1;1;1;1;0;0;1;0;1;0;427.493333333333
0;1;1;1;1;0;1;1;1;1;0;0;1;0;1;0;442.5
0;1;1;1;1;1;1;1;1;1;0;0;1;0;1;0;476.1
1;1;0;0;0;0;0;0;1;1;0;0;1;0;1;0;423.076666666667
1;1;0;0;1;0;0;0;1;1;0;0;1;0;1;0;492.126666666667
1;1;1;0;0;0;0;0;1;1;0;0;1;0;1;0;416.886666666667
1;1;1;0;1;0;0;0;1;1;0;0;1;0;1;0;484.853333333333
1;1;0;0;0;0;0;1;1;1;0;0;1;0;1;0;422.646666666667
1;1;1;1;0;0;0;0;1;1;0;0;1;1;0;0;244.23
1;1;1;0;0;0;0;1;1;1;0;0;1;0;1;0;416.263333333333
1;1;0;0;1;0;0;1;1;1;0;0;1;0;1;0;491.686666666667
1;1;1;0;1;0;0;1;1;1;0;0;1;0;1;0;484.29
1;1;0;0;0;0;1;0;1;1;0;0;1;0;1;0;367.963333333333
1;1;0;0;1;0;1;0;1;1;0;0;1;0;1;0;432.143333333333
1;1;0;0;0;0;1;1;1;1;0;0;1;0;1;0;367.543333333333
1;1;0;0;1;0;1;1;1;1;0;0;1;0;1;0;432.03
1;1;1;0;0;0;1;0;1;1;0;0;1;0;1;0;362.626666666667
1;1;1;0;0;0;1;1;1;1;0;0;1;0;1;0;362.613333333333
1;1;1;0;1;0;1;0;1;1;0;0;1;0;1;0;426.526666666667
1;1;1;1;1;0;0;0;1;1;0;0;1;1;0;0;249.363333333333
1;1;1;0;1;0;1;1;1;1;0;0;1;0;1;0;426.443333333333
1;1;0;1;0;0;0;0;1;1;0;0;1;0;1;0;425.063333333333
1;1;0;1;1;0;0;0;1;1;0;0;1;0;1;0;493.306666666667
1;1;1;1;0;0;0;0;1;1;0;0;1;0;1;0;418.19
1;1;1;1;1;0;0;0;1;1;0;0;1;0;1;0;485.536666666667
1;1;0;1;0;0;1;0;1;1;0;0;1;0;1;0;367.066666666667
1;1;1;1;0;0;1;0;1;1;0;0;1;0;1;0;362.036666666667
1;1;0;1;1;0;1;0;1;1;0;0;1;0;1;0;431
1;1;1;1;1;0;1;0;1;1;0;0;1;0;1;0;425.246666666667
1;1;0;1;0;0;0;1;1;1;0;0;1;0;1;0;424.49
1;1;0;0;0;0;0;1;1;1;0;0;1;1;0;0;254.733333333333
1;1;0;1;1;0;0;1;1;1;0;0;1;0;1;0;492.663333333333
1;1;0;1;0;0;1;1;1;1;0;0;1;0;1;0;366.836666666667
1;1;0;1;1;0;1;1;1;1;0;0;1;0;1;0;430.696666666667
1;1;1;1;0;0;0;1;1;1;0;0;1;0;1;0;417.633333333333
1;1;1;1;0;0;1;1;1;1;0;0;1;0;1;0;361.703333333333
1;1;1;1;1;0;0;1;1;1;0;0;1;0;1;0;485.35
1;1;1;1;1;0;1;1;1;1;0;0;1;0;1;0;424.89
1;1;0;0;0;1;0;0;1;1;0;0;1;0;1;0;492.623333333333
1;1;0;0;1;1;0;0;1;1;0;0;1;0;1;0;543.59
1;1;1;0;0;1;0;0;1;1;0;0;1;0;1;0;485.66
1;1;0;1;0;0;0;1;1;1;0;0;1;1;0;0;254.033333333333
1;1;1;0;1;1;0;0;1;1;0;0;1;0;1;0;535.626666666667
1;1;0;0;0;1;0;1;1;1;0;0;1;0;1;0;492.266666666667
1;1;1;0;0;1;0;1;1;1;0;0;1;0;1;0;485.583333333333
1;1;0;0;1;1;0;1;1;1;0;0;1;0;1;0;543.03
1;1;1;0;1;1;0;1;1;1;0;0;1;0;1;0;535.696666666667
1;1;0;1;0;1;0;0;1;1;0;0;1;0;1;0;494.256666666667
1;1;0;1;1;1;0;0;1;1;0;0;1;0;1;0;545.016666666667
1;1;0;1;0;1;0;1;1;1;0;0;1;0;1;0;493.986666666667
1;1;0;1;1;1;0;1;1;1;0;0;1;0;1;0;544.506666666667
1;1;1;1;0;1;0;0;1;1;0;0;1;0;1;0;487.09
1;1;1;0;0;0;0;1;1;1;0;0;1;1;0;0;244.303333333333
1;1;1;1;0;1;0;1;1;1;0;0;1;0;1;0;486.816666666667
1;1;1;1;1;1;0;0;1;1;0;0;1;0;1;0;537.153333333333
1;1;1;1;1;1;0;1;1;1;0;0;1;0;1;0;536.95
1;1;0;0;0;1;1;0;1;1;0;0;1;0;1;0;414.833333333333
1;1;0;0;1;1;1;0;1;1;0;0;1;0;1;0;463.24
1;1;1;0;0;1;1;0;1;1;0;0;1;0;1;0;408.84
1;1;1;0;1;1;1;0;1;1;0;0;1;0;1;0;456.74
1;1;0;1;0;1;1;0;1;1;0;0;1;0;1;0;414.23
1;1;1;1;0;1;1;0;1;1;0;0;1;0;1;0;408.07
1;1;0;1;1;1;1;0;1;1;0;0;1;0;1;0;462.626666666667
1;1;1;1;0;0;0;1;1;1;0;0;1;1;0;0;244.353333333333
1;1;1;1;1;1;1;0;1;1;0;0;1;0;1;0;455.64
1;1;0;0;0;1;1;1;1;1;0;0;1;0;1;0;414.736666666667
1;1;0;0;1;1;1;1;1;1;0;0;1;0;1;0;463.363333333333
1;1;0;1;0;1;1;1;1;1;0;0;1;0;1;0;414.033333333333
1;1;0;1;1;1;1;1;1;1;0;0;1;0;1;0;462.473333333333
1;1;1;0;0;1;1;1;1;1;0;0;1;0;1;0;408.626666666667
1;1;1;1;0;1;1;1;1;1;0;0;1;0;1;0;407.756666666667
1;1;1;0;1;1;1;1;1;1;0;0;1;0;1;0;456.37
1;1;1;1;1;1;1;1;1;1;0;0;1;0;1;0;455.493333333333
0;1;0;0;0;0;0;0;1;1;0;0;1;0;0;1;611.043333333333
1;1;0;0;1;0;0;1;1;1;0;0;1;1;0;0;261.31
0;1;0;0;1;0;0;0;1;1;0;0;1;0;0;1;740.21
0;1;1;0;0;0;0;0;1;1;0;0;1;0;0;1;602.713333333333
0;1;1;0;1;0;0;0;1;1;0;0;1;0;0;1;730.01
0;1;0;0;0;0;0;1;1;1;0;0;1;0;0;1;610.823333333333
0;1;1;0;0;0;0;1;1;1;0;0;1;0;0;1;601.59
0;1;0;0;1;0;0;1;1;1;0;0;1;0;0;1;739.903333333333
0;1;1;0;1;0;0;1;1;1;0;0;1;0;0;1;729.3
0;1;0;0;0;0;1;0;1;1;0;0;1;0;0;1;510.01
0;1;0;0;1;0;1;0;1;1;0;0;1;0;0;1;631.043333333333
0;1;0;0;0;0;1;1;1;1;0;0;1;0;0;1;509.523333333333
1;1;1;0;1;0;0;1;1;1;0;0;1;1;0;0;249.64
0;1;0;0;1;0;1;1;1;1;0;0;1;0;0;1;630.576666666667
0;1;1;0;0;0;1;0;1;1;0;0;1;0;0;1;507.246666666667
0;1;1;0;0;0;1;1;1;1;0;0;1;0;0;1;506.88
0;1;1;0;1;0;1;0;1;1;0;0;1;0;0;1;627.053333333333
0;1;1;0;1;0;1;1;1;1;0;0;1;0;0;1;627.113333333333
0;1;0;0;0;1;0;0;1;1;0;0;1;0;0;1;721.486666666667
0;1;0;0;1;1;0;0;1;1;0;0;1;0;0;1;817.793333333333
0;1;1;0;0;1;0;0;1;1;0;0;1;0;0;1;712.743333333333
0;1;1;0;1;1;0;0;1;1;0;0;1;0;0;1;807.333333333333
0;1;0;0;0;1;1;0;1;1;0;0;1;0;0;1;580.736666666667
1;1;0;1;1;0;0;1;1;1;0;0;1;1;0;0;260.616666666667
0;1;1;0;0;1;1;0;1;1;0;0;1;0;0;1;576.54
0;1;0;0;1;1;1;0;1;1;0;0;1;0;0;1;672.373333333333
0;1;1;0;1;1;1;0;1;1;0;0;1;0;0;1;666.553333333333
0;1;0;0;0;1;0;1;1;1;0;0;1;0;0;1;721.756666666667
0;1;0;0;1;1;0;1;1;1;0;0;1;0;0;1;817.34
0;1;0;0;0;1;1;1;1;1;0;0;1;0;0;1;580.73
0;1;0;0;1;1;1;1;1;1;0;0;1;0;0;1;672.136666666667
0;1;1;0;0;1;0;1;1;1;0;0;1;0;0;1;712.81
0;1;1;0;0;1;1;1;1;1;0;0;1;0;0;1;576.216666666667
0;1;1;0;1;1;0;1;1;1;0;0;1;0;0;1;807.016666666667
0;1;1;1;1;0;0;0;1;1;0;0;1;1;0;0;266.19
1;1;1;1;1;0;0;1;1;1;0;0;1;1;0;0;249.463333333333
0;1;1;0;1;1;1;1;1;1;0;0;1;0;0;1;666.25
1;1;0;0;0;0;0;0;1;1;0;0;1;0;0;1;585.35
1;1;0;0;1;0;0;0;1;1;0;0;1;0;0;1;711.233333333333
1;1;1;0;0;0;0;0;1;1;0;0;1;0;0;1;579.176666666667
1;1;1;0;1;0;0;0;1;1;0;0;1;0;0;1;704.22
1;1;0;0;0;0;0;1;1;1;0;0;1;0;0;1;584.82
1;1;1;0;0;0;0;1;1;1;0;0;1;0;0;1;579.023333333333
1;1;0;0;1;0;0;1;1;1;0;0;1;0;0;1;711.293333333333
1;1;1;0;1;0;0;1;1;1;0;0;1;0;0;1;703.5
1;1;0;0;0;1;0;0;1;1;0;0;1;0;0;1;687.39
1;1;0;0;0;1;0;0;1;1;0;0;1;1;0;0;287.01
1;1;0;0;1;1;0;0;1;1;0;0;1;0;0;1;780.93
1;1;0;0;0;1;0;1;1;1;0;0;1;0;0;1;687.093333333333
1;1;0;0;1;1;0;1;1;1;0;0;1;0;0;1;780.656666666667
1;1;1;0;0;1;0;0;1;1;0;0;1;0;0;1;680.646666666667
1;1;1;0;0;1;0;1;1;1;0;0;1;0;0;1;680.616666666667
1;1;1;0;1;1;0;0;1;1;0;0;1;0;0;1;773.67
1;1;1;0;1;1;0;1;1;1;0;0;1;0;0;1;773.276666666667
1;1;0;0;0;0;1;0;1;1;0;0;1;0;0;1;496.893333333333
1;1;0;0;1;0;1;0;1;1;0;0;1;0;0;1;615.336666666667
1;1;1;0;0;0;1;0;1;1;0;0;1;0;0;1;491.52
1;1;0;1;0;1;0;0;1;1;0;0;1;1;0;0;286.286666666667
1;1;1;0;1;0;1;0;1;1;0;0;1;0;0;1;609.33
1;1;0;0;0;1;1;0;1;1;0;0;1;0;0;1;561.926666666667
1;1;1;0;0;1;1;0;1;1;0;0;1;0;0;1;556.513333333333
1;1;0;0;1;1;1;0;1;1;0;0;1;0;0;1;652.466666666667
1;1;1;0;1;1;1;0;1;1;0;0;1;0;0;1;645.446666666667
1;1;0;0;0;0;1;1;1;1;0;0;1;0;0;1;496.23
1;1;0;0;1;0;1;1;1;1;0;0;1;0;0;1;615.056666666667
1;1;0;0;0;1;1;1;1;1;0;0;1;0;0;1;561.96
1;1;0;0;1;1;1;1;1;1;0;0;1;0;0;1;652.55
1;1;1;0;0;0;1;1;1;1;0;0;1;0;0;1;491.236666666667
1;1;0;0;1;1;0;0;1;1;0;0;1;1;0;0;291.633333333333
1;1;1;0;0;1;1;1;1;1;0;0;1;0;0;1;556.326666666667
1;1;1;0;1;0;1;1;1;1;0;0;1;0;0;1;608.996666666667
1;1;1;0;1;1;1;1;1;1;0;0;1;0;0;1;645.376666666667
0;1;0;1;0;0;0;0;1;1;0;0;1;0;0;1;615.286666666667
0;1;0;1;1;0;0;0;1;1;0;0;1;0;0;1;743.163333333333
0;1;1;1;0;0;0;0;1;1;0;0;1;0;0;1;605.273333333333
0;1;1;1;1;0;0;0;1;1;0;0;1;0;0;1;732.006666666667
0;1;0;1;0;0;0;1;1;1;0;0;1;0;0;1;614.57
0;1;1;1;0;0;0;1;1;1;0;0;1;0;0;1;604.916666666667
0;1;0;1;1;0;0;1;1;1;0;0;1;0;0;1;743.123333333333
1;1;0;1;1;1;0;0;1;1;0;0;1;1;0;0;291.01
0;1;1;1;1;0;0;1;1;1;0;0;1;0;0;1;731.193333333333
0;1;0;1;0;0;1;0;1;1;0;0;1;0;0;1;508.71
0;1;0;1;1;0;1;0;1;1;0;0;1;0;0;1;629.62
0;1;0;1;0;0;1;1;1;1;0;0;1;0;0;1;508.423333333333
0;1;0;1;1;0;1;1;1;1;0;0;1;0;0;1;629.39
0;1;1;1;0;0;1;0;1;1;0;0;1;0;0;1;506.36
0;1;1;1;0;0;1;1;1;1;0;0;1;0;0;1;506.223333333333
0;1;1;1;1;0;1;0;1;1;0;0;1;0;0;1;625.796666666667
0;1;1;1;1;0;1;1;1;1;0;0;1;0;0;1;625.71
1;1;0;1;0;0;0;0;1;1;0;0;1;0;0;1;588.673333333333
1;1;0;0;0;1;0;1;1;1;0;0;1;1;0;0;287.06
1;1;0;1;1;0;0;0;1;1;0;0;1;0;0;1;713.673333333333
1;1;1;1;0;0;0;0;1;1;0;0;1;0;0;1;581.406666666667
1;1;1;1;1;0;0;0;1;1;0;0;1;0;0;1;705.453333333333
1;1;0;1;0;0;1;0;1;1;0;0;1;0;0;1;495.723333333333
1;1;1;1;0;0;1;0;1;1;0;0;1;0;0;1;490.473333333333
1;1;0;1;1;0;1;0;1;1;0;0;1;0;0;1;613.763333333333
1;1;1;1;1;0;1;0;1;1;0;0;1;0;0;1;607.626666666667
1;1;0;1;0;0;0;1;1;1;0;0;1;0;0;1;588.67
1;1;0;1;1;0;0;1;1;1;0;0;1;0;0;1;713.39
1;1;0;1;0;0;1;1;1;1;0;0;1;0;0;1;495.49
1;1;0;0;1;1;0;1;1;1;0;0;1;1;0;0;291.62
1;1;0;1;1;0;1;1;1;1;0;0;1;0;0;1;613.396666666667
1;1;1;1;0;0;0;1;1;1;0;0;1;0;0;1;581.243333333333
1;1;1;1;0;0;1;1;1;1;0;0;1;0;0;1;490.043333333333
1;1;1;1;1;0;0;1;1;1;0;0;1;0;0;1;704.806666666667
1;1;1;1;1;0;1;1;1;1;0;0;1;0;0;1;607.376666666667
0;1;0;1;0;1;0;0;1;1;0;0;1;0;0;1;726.89
0;1;0;1;1;1;0;0;1;1;0;0;1;0;0;1;821.52
0;1;1;1;0;1;0;0;1;1;0;0;1;0;0;1;716.033333333333
0;1;1;1;1;1;0;0;1;1;0;0;1;0;0;1;809.936666666667
0;1;0;1;0;1;0;1;1;1;0;0;1;0;0;1;726.51
1;1;0;1;0;1;0;1;1;1;0;0;1;1;0;0;286.396666666667
0;1;1;1;0;1;0;1;1;1;0;0;1;0;0;1;715.923333333333
0;1;0;1;1;1;0;1;1;1;0;0;1;0;0;1;821.963333333333
0;1;1;1;1;1;0;1;1;1;0;0;1;0;0;1;809.57
1;1;0;1;0;1;0;0;1;1;0;0;1;0;0;1;690.59
1;1;0;1;1;1;0;0;1;1;0;0;1;0;0;1;784.02
1;1;0;1;0;1;0;1;1;1;0;0;1;0;0;1;690.463333333333
1;1;0;1;1;1;0;1;1;1;0;0;1;0;0;1;783.493333333333
1;1;1;1;0;1;0;0;1;1;0;0;1;0;0;1;683.75
1;1;1;1;0;1;0;1;1;1;0;0;1;0;0;1;683.42
1;1;1;1;1;1;0;0;1;1;0;0;1;0;0;1;775.853333333333
1;1;0;1;1;1;0;1;1;1;0;0;1;1;0;0;291.15
1;1;1;1;1;1;0;1;1;1;0;0;1;0;0;1;775.803333333333
0;1;0;1;0;1;1;0;1;1;0;0;1;0;0;1;580.543333333333
0;1;0;1;1;1;1;0;1;1;0;0;1;0;0;1;671.73
0;1;1;1;0;1;1;0;1;1;0;0;1;0;0;1;575.863333333333
0;1;1;1;1;1;1;0;1;1;0;0;1;0;0;1;665.223333333333
1;1;0;1;0;1;1;0;1;1;0;0;1;0;0;1;561.79
1;1;1;1;0;1;1;0;1;1;0;0;1;0;0;1;555.58
1;1;0;1;1;1;1;0;1;1;0;0;1;0;0;1;651.703333333333
1;1;1;1;1;1;1;0;1;1;0;0;1;0;0;1;644.156666666667
0;1;0;1;0;1;1;1;1;1;0;0;1;0;0;1;580.373333333333
1;1;1;0;0;1;0;0;1;1;0;0;1;1;0;0;275.923333333333
0;1;0;1;1;1;1;1;1;1;0;0;1;0;0;1;671.4
1;1;0;1;0;1;1;1;1;1;0;0;1;0;0;1;561.373333333333
1;1;0;1;1;1;1;1;1;1;0;0;1;0;0;1;651.203333333333
0;1;1;1;0;1;1;1;1;1;0;0;1;0;0;1;575.476666666667
1;1;1;1;0;1;1;1;1;1;0;0;1;0;0;1;555.203333333333
0;1;1;1;1;1;1;1;1;1;0;0;1;0;0;1;665.283333333333
1;1;1;1;1;1;1;1;1;1;0;0;1;0;0;1;643.96
0;1;0;0;0;0;0;0;1;0;0;1;1;0;0;1;613.446666666667
0;1;0;0;1;0;0;0;1;0;0;1;1;0;0;1;742.463333333333
0;1;1;0;0;0;0;0;1;0;0;1;1;0;0;1;604.886666666667
0;1;0;0;0;0;0;1;1;1;0;0;1;1;0;0;268.556666666667
1;1;1;1;0;1;0;0;1;1;0;0;1;1;0;0;275.386666666667
0;1;1;0;1;0;0;0;1;0;0;1;1;0;0;1;731.76
0;1;0;0;0;0;0;1;1;0;0;1;1;0;0;1;613.516666666667
0;1;1;0;0;0;0;1;1;0;0;1;1;0;0;1;604.483333333333
0;1;0;0;1;0;0;1;1;0;0;1;1;0;0;1;741.886666666667
0;1;1;0;1;0;0;1;1;0;0;1;1;0;0;1;731.41
0;1;0;0;0;0;1;0;1;0;0;1;1;0;0;1;511.506666666667
0;1;0;0;1;0;1;0;1;0;0;1;1;0;0;1;632.943333333333
0;1;0;0;0;0;1;1;1;0;0;1;1;0;0;1;511.733333333333
0;1;0;0;1;0;1;1;1;0;0;1;1;0;0;1;632.826666666667
0;1;1;0;0;0;1;0;1;0;0;1;1;0;0;1;509.893333333333
1;1;1;0;0;1;0;1;1;1;0;0;1;1;0;0;275.926666666667
0;1;1;0;0;0;1;1;1;0;0;1;1;0;0;1;509.473333333333
0;1;1;0;1;0;1;0;1;0;0;1;1;0;0;1;629.336666666667
0;1;1;0;1;0;1;1;1;0;0;1;1;0;0;1;629.396666666667
0;1;0;0;0;1;0;0;1;0;0;1;1;0;0;1;721.873333333333
0;1;0;0;1;1;0;0;1;0;0;1;1;0;0;1;817.99
0;1;1;0;0;1;0;0;1;0;0;1;1;0;0;1;712.87
0;1;1;0;1;1;0;0;1;0;0;1;1;0;0;1;807.436666666667
0;1;0;0;0;1;1;0;1;0;0;1;1;0;0;1;580.74
0;1;1;0;0;1;1;0;1;0;0;1;1;0;0;1;576.48
0;1;0;0;1;1;1;0;1;0;0;1;1;0;0;1;672.6
1;1;1;1;0;1;0;1;1;1;0;0;1;1;0;0;275.433333333333
0;1;1;0;1;1;1;0;1;0;0;1;1;0;0;1;666.686666666667
0;1;0;0;0;1;0;1;1;0;0;1;1;0;0;1;721.866666666667
0;1;0;0;1;1;0;1;1;0;0;1;1;0;0;1;817.353333333333
0;1;0;0;0;1;1;1;1;0;0;1;1;0;0;1;580.606666666667
0;1;0;0;1;1;1;1;1;0;0;1;1;0;0;1;672.206666666667
0;1;1;0;0;1;0;1;1;0;0;1;1;0;0;1;712.726666666667
0;1;1;0;0;1;1;1;1;0;0;1;1;0;0;1;576.246666666667
0;1;1;0;1;1;0;1;1;0;0;1;1;0;0;1;806.923333333333
0;1;1;0;1;1;1;1;1;0;0;1;1;0;0;1;666.33
0;1;0;1;0;0;0;0;1;0;0;1;1;0;0;1;617.42
1;1;1;0;1;1;0;0;1;1;0;0;1;1;0;0;279.79
0;1;0;1;1;0;0;0;1;0;0;1;1;0;0;1;745.596666666667
0;1;1;1;0;0;0;0;1;0;0;1;1;0;0;1;607.926666666667
0;1;1;1;1;0;0;0;1;0;0;1;1;0;0;1;734.21
0;1;0;1;0;0;0;1;1;0;0;1;1;0;0;1;616.96
0;1;1;1;0;0;0;1;1;0;0;1;1;0;0;1;607.7
0;1;0;1;1;0;0;1;1;0;0;1;1;0;0;1;745.443333333333
0;1;1;1;1;0;0;1;1;0;0;1;1;0;0;1;733.763333333333
0;1;0;1;0;1;0;0;1;0;0;1;1;0;0;1;726.916666666667
0;1;0;1;1;1;0;0;1;0;0;1;1;0;0;1;821.76
0;1;0;1;0;1;0;1;1;0;0;1;1;0;0;1;726.6
1;1;1;0;1;1;0;1;1;1;0;0;1;1;0;0;279.776666666667
0;1;0;1;1;1;0;1;1;0;0;1;1;0;0;1;821.51
0;1;1;1;0;1;0;0;1;0;0;1;1;0;0;1;715.826666666666
0;1;1;1;0;1;0;1;1;0;0;1;1;0;0;1;715.746666666667
0;1;1;1;1;1;0;0;1;0;0;1;1;0;0;1;809.806666666667
0;1;1;1;1;1;0;1;1;0;0;1;1;0;0;1;809.53
0;1;0;1;0;0;1;0;1;0;0;1;1;0;0;1;510.836666666667
0;1;0;1;1;0;1;0;1;0;0;1;1;0;0;1;631.736666666667
0;1;1;1;0;0;1;0;1;0;0;1;1;0;0;1;508.766666666667
0;1;1;1;1;0;1;0;1;0;0;1;1;0;0;1;628.15
0;1;0;1;0;1;1;0;1;0;0;1;1;0;0;1;580.476666666667
1;1;1;1;1;1;0;0;1;1;0;0;1;1;0;0;279.15
0;1;1;1;0;1;1;0;1;0;0;1;1;0;0;1;575.663333333333
0;1;0;1;1;1;1;0;1;0;0;1;1;0;0;1;671.746666666667
0;1;1;1;1;1;1;0;1;0;0;1;1;0;0;1;665.2
0;1;0;1;0;0;1;1;1;0;0;1;1;0;0;1;510.89
0;1;0;1;1;0;1;1;1;0;0;1;1;0;0;1;631.583333333333
0;1;0;1;0;1;1;1;1;0;0;1;1;0;0;1;580.41
0;1;0;1;1;1;1;1;1;0;0;1;1;0;0;1;671.55
0;1;1;1;0;0;1;1;1;0;0;1;1;0;0;1;508.606666666667
0;1;1;1;0;1;1;1;1;0;0;1;1;0;0;1;575.553333333333
0;1;1;1;1;0;1;1;1;0;0;1;1;0;0;1;627.813333333333
1;1;1;1;1;1;0;1;1;1;0;0;1;1;0;0;279.15
0;1;1;1;1;1;1;1;1;0;0;1;1;0;0;1;665.166666666667
1;1;0;0;0;0;0;0;1;0;0;1;1;0;0;1;588.54
1;1;0;0;1;0;0;0;1;0;0;1;1;0;0;1;713.576666666667
1;1;1;0;0;0;0;0;1;0;0;1;1;0;0;1;581.813333333333
1;1;1;0;1;0;0;0;1;0;0;1;1;0;0;1;706.246666666667
1;1;0;0;0;0;0;1;1;0;0;1;1;0;0;1;588.2
1;1;1;0;0;0;0;1;1;0;0;1;1;0;0;1;581.716666666667
1;1;0;0;1;0;0;1;1;0;0;1;1;0;0;1;712.953333333333
1;1;1;0;1;0;0;1;1;0;0;1;1;0;0;1;706.063333333333
1;1;0;0;0;0;1;0;1;0;0;1;1;0;0;1;499.27
1;1;0;0;0;0;1;0;1;1;0;0;1;1;0;0;254.82
1;1;0;0;1;0;1;0;1;0;0;1;1;0;0;1;617.206666666667
1;1;0;0;0;0;1;1;1;0;0;1;1;0;0;1;498.826666666667
1;1;0;0;1;0;1;1;1;0;0;1;1;0;0;1;616.97
1;1;1;0;0;0;1;0;1;0;0;1;1;0;0;1;493.96
1;1;1;0;0;0;1;1;1;0;0;1;1;0;0;1;493.543333333333
1;1;1;0;1;0;1;0;1;0;0;1;1;0;0;1;611.6
1;1;1;0;1;0;1;1;1;0;0;1;1;0;0;1;611.433333333333
1;1;0;1;0;0;0;0;1;0;0;1;1;0;0;1;590.55
1;1;0;1;1;0;0;0;1;0;0;1;1;0;0;1;715.736666666667
1;1;1;1;0;0;0;0;1;0;0;1;1;0;0;1;584.976666666667
1;1;0;1;0;0;1;0;1;1;0;0;1;1;0;0;254.11
1;1;1;1;1;0;0;0;1;0;0;1;1;0;0;1;707.596666666667
1;1;0;1;0;0;1;0;1;0;0;1;1;0;0;1;497.803333333333
1;1;1;1;0;0;1;0;1;0;0;1;1;0;0;1;493.006666666667
1;1;0;1;1;0;1;0;1;0;0;1;1;0;0;1;615.9
1;1;1;1;1;0;1;0;1;0;0;1;1;0;0;1;609.886666666667
1;1;0;1;0;0;0;1;1;0;0;1;1;0;0;1;590.836666666667
1;1;0;1;1;0;0;1;1;0;0;1;1;0;0;1;715.583333333333
1;1;0;1;0;0;1;1;1;0;0;1;1;0;0;1;497.37
1;1;0;1;1;0;1;1;1;0;0;1;1;0;0;1;616.133333333333
1;1;1;1;0;0;0;1;1;0;0;1;1;0;0;1;583.846666666667
1;1;0;0;1;0;1;0;1;1;0;0;1;1;0;0;261.203333333333
1;1;1;1;0;0;1;1;1;0;0;1;1;0;0;1;492.426666666667
1;1;1;1;1;0;0;1;1;0;0;1;1;0;0;1;707.493333333333
1;1;1;1;1;0;1;1;1;0;0;1;1;0;0;1;609.696666666667
1;1;0;0;0;1;0;0;1;0;0;1;1;0;0;1;687.473333333333
1;1;0;0;1;1;0;0;1;0;0;1;1;0;0;1;781.163333333333
1;1;1;0;0;1;0;0;1;0;0;1;1;0;0;1;680.563333333333
1;1;1;0;1;1;0;0;1;0;0;1;1;0;0;1;773.436666666667
1;1;0;0;0;1;0;1;1;0;0;1;1;0;0;1;687.033333333333
1;1;1;0;0;1;0;1;1;0;0;1;1;0;0;1;680.726666666667
1;1;0;0;1;1;0;1;1;0;0;1;1;0;0;1;780.79
