auto_config,debug_ref_count,dump_models,model,model_validate,proof,smtlib2_compliant,stats,trace,type_check,unsat_core,well_sorted_check,config_id
1,0,0,0,0,0,0,0,0,0,0,0,1
0,1,0,0,0,0,0,0,0,0,0,0,2
0,0,1,0,0,0,0,0,0,0,0,0,3
0,0,0,1,0,0,0,0,0,0,0,0,4
0,0,0,0,1,0,0,0,0,0,0,0,5
0,0,0,0,0,1,0,0,0,0,0,0,6
0,0,0,0,0,0,1,0,0,0,0,0,7
0,0,0,0,0,0,0,1,0,0,0,0,8
0,0,0,0,0,0,0,0,1,0,0,0,9
0,0,0,0,0,0,0,0,0,1,0,0,10
0,0,0,0,0,0,0,0,0,0,1,0,11
0,0,0,0,0,0,0,0,0,0,0,1,12
0,1,1,1,1,1,1,1,1,1,1,0,13
1,0,1,1,1,1,1,1,1,1,1,0,14
1,1,0,1,1,1,1,1,1,1,1,0,15
1,1,1,0,1,1,1,1,1,1,1,0,16
1,1,1,1,0,1,1,1,1,1,1,0,17
1,1,1,1,1,0,1,1,1,1,1,0,18
1,1,1,1,1,1,0,1,1,1,1,0,19
1,1,1,1,1,1,1,0,1,1,1,0,20
1,1,1,1,1,1,1,1,0,1,1,0,21
1,1,1,1,1,1,1,1,1,0,1,0,22
1,1,1,1,1,1,1,1,1,1,0,0,23
1,1,1,1,1,1,1,1,1,1,1,0,24
1,1,0,0,0,0,0,0,0,0,0,0,25
1,0,1,0,0,0,0,0,0,0,0,0,26
1,0,0,1,0,0,0,0,0,0,0,0,27
1,0,0,0,1,0,0,0,0,0,0,0,28
1,0,0,0,0,1,0,0,0,0,0,0,29
1,0,0,0,0,0,1,0,0,0,0,0,30
1,0,0,0,0,0,0,1,0,0,0,0,31
1,0,0,0,0,0,0,0,1,0,0,0,32
1,0,0,0,0,0,0,0,0,1,0,0,33
1,0,0,0,0,0,0,0,0,0,1,0,34
1,0,0,0,0,0,0,0,0,0,0,1,35
0,1,1,0,0,0,0,0,0,0,0,0,36
0,1,0,1,0,0,0,0,0,0,0,0,37
0,1,0,0,1,0,0,0,0,0,0,0,38
0,1,0,0,0,1,0,0,0,0,0,0,39
0,1,0,0,0,0,1,0,0,0,0,0,40
0,1,0,0,0,0,0,1,0,0,0,0,41
0,1,0,0,0,0,0,0,1,0,0,0,42
0,1,0,0,0,0,0,0,0,1,0,0,43
0,1,0,0,0,0,0,0,0,0,1,0,44
0,1,0,0,0,0,0,0,0,0,0,1,45
0,0,1,1,0,0,0,0,0,0,0,0,46
0,0,1,0,1,0,0,0,0,0,0,0,47
0,0,1,0,0,1,0,0,0,0,0,0,48
0,0,1,0,0,0,1,0,0,0,0,0,49
0,0,1,0,0,0,0,1,0,0,0,0,50
0,0,1,0,0,0,0,0,1,0,0,0,51
0,0,1,0,0,0,0,0,0,1,0,0,52
0,0,1,0,0,0,0,0,0,0,1,0,53
0,0,1,0,0,0,0,0,0,0,0,1,54
0,0,0,1,1,0,0,0,0,0,0,0,55
0,0,0,1,0,1,0,0,0,0,0,0,56
0,0,0,1,0,0,1,0,0,0,0,0,57
0,0,0,1,0,0,0,1,0,0,0,0,58
0,0,0,1,0,0,0,0,1,0,0,0,59
0,0,0,1,0,0,0,0,0,1,0,0,60
0,0,0,1,0,0,0,0,0,0,1,0,61
0,0,0,1,0,0,0,0,0,0,0,1,62
0,0,0,0,1,1,0,0,0,0,0,0,63
0,0,0,0,1,0,1,0,0,0,0,0,64
0,0,0,0,1,0,0,1,0,0,0,0,65
0,0,0,0,1,0,0,0,1,0,0,0,66
0,0,0,0,1,0,0,0,0,1,0,0,67
0,0,0,0,1,0,0,0,0,0,1,0,68
0,0,0,0,1,0,0,0,0,0,0,1,69
0,0,0,0,0,1,1,0,0,0,0,0,70
0,0,0,0,0,1,0,1,0,0,0,0,71
0,0,0,0,0,1,0,0,1,0,0,0,72
0,0,0,0,0,1,0,0,0,1,0,0,73
0,0,0,0,0,1,0,0,0,0,1,0,74
0,0,0,0,0,1,0,0,0,0,0,1,75
0,0,0,0,0,0,1,1,0,0,0,0,76
0,0,0,0,0,0,1,0,1,0,0,0,77
0,0,0,0,0,0,1,0,0,1,0,0,78
0,0,0,0,0,0,1,0,0,0,1,0,79
0,0,0,0,0,0,1,0,0,0,0,1,80
0,0,0,0,0,0,0,1,1,0,0,0,81
0,0,0,0,0,0,0,1,0,1,0,0,82
0,0,0,0,0,0,0,1,0,0,1,0,83
0,0,0,0,0,0,0,1,0,0,0,1,84
0,0,0,0,0,0,0,0,1,1,0,0,85
0,0,0,0,0,0,0,0,1,0,1,0,86
0,0,0,0,0,0,0,0,1,0,0,1,87
0,0,0,0,0,0,0,0,0,1,1,0,88
0,0,0,0,0,0,0,0,0,1,0,1,89
0,0,0,0,0,0,0,0,0,0,1,1,90
0,0,1,1,1,1,1,1,1,1,1,0,91
0,1,0,1,1,1,1,1,1,1,1,0,92
0,1,1,0,1,1,1,1,1,1,1,0,93
0,1,1,1,0,1,1,1,1,1,1,0,94
0,1,1,1,1,0,1,1,1,1,1,0,95
0,1,1,1,1,1,0,1,1,1,1,0,96
0,1,1,1,1,1,1,0,1,1,1,0,97
0,1,1,1,1,1,1,1,0,1,1,0,98
0,1,1,1,1,1,1,1,1,0,1,0,99
0,1,1,1,1,1,1,1,1,1,0,0,100
1,0,0,1,1,1,1,1,1,1,1,0,101
1,0,1,0,1,1,1,1,1,1,1,0,102
1,0,1,1,0,1,1,1,1,1,1,0,103
1,0,1,1,1,0,1,1,1,1,1,0,104
1,0,1,1,1,1,0,1,1,1,1,0,105
1,0,1,1,1,1,1,0,1,1,1,0,106
1,0,1,1,1,1,1,1,0,1,1,0,107
1,0,1,1,1,1,1,1,1,0,1,0,108
1,0,1,1,1,1,1,1,1,1,0,0,109
1,1,0,0,1,1,1,1,1,1,1,0,110
1,1,0,1,0,1,1,1,1,1,1,0,111
1,1,0,1,1,0,1,1,1,1,1,0,112
1,1,0,1,1,1,0,1,1,1,1,0,113
1,1,0,1,1,1,1,0,1,1,1,0,114
1,1,0,1,1,1,1,1,0,1,1,0,115
1,1,0,1,1,1,1,1,1,0,1,0,116
1,1,0,1,1,1,1,1,1,1,0,0,117
1,1,1,0,0,1,1,1,1,1,1,0,118
1,1,1,0,1,0,1,1,1,1,1,0,119
1,1,1,0,1,1,0,1,1,1,1,0,120
1,1,1,0,1,1,1,0,1,1,1,0,121
1,1,1,0,1,1,1,1,0,1,1,0,122
1,1,1,0,1,1,1,1,1,0,1,0,123
1,1,1,0,1,1,1,1,1,1,0,0,124
1,1,1,1,0,0,1,1,1,1,1,0,125
1,1,1,1,0,1,0,1,1,1,1,0,126
1,1,1,1,0,1,1,0,1,1,1,0,127
1,1,1,1,0,1,1,1,0,1,1,0,128
1,1,1,1,0,1,1,1,1,0,1,0,129
1,1,1,1,0,1,1,1,1,1,0,0,130
1,1,1,1,1,0,0,1,1,1,1,0,131
1,1,1,1,1,0,1,0,1,1,1,0,132
1,1,1,1,1,0,1,1,0,1,1,0,133
1,1,1,1,1,0,1,1,1,0,1,0,134
1,1,1,1,1,0,1,1,1,1,0,0,135
1,1,1,1,1,1,0,0,1,1,1,0,136
1,1,1,1,1,1,0,1,0,1,1,0,137
1,1,1,1,1,1,0,1,1,0,1,0,138
1,1,1,1,1,1,0,1,1,1,0,0,139
1,1,1,1,1,1,1,0,0,1,1,0,140
1,1,1,1,1,1,1,0,1,0,1,0,141
1,1,1,1,1,1,1,0,1,1,0,0,142
1,1,1,1,1,1,1,1,0,0,1,0,143
1,1,1,1,1,1,1,1,0,1,0,0,144
1,1,1,1,1,1,1,1,1,0,0,0,145
0,0,0,1,1,1,1,0,0,0,1,0,146
1,1,0,1,1,0,0,1,1,1,1,0,147
1,1,1,1,1,1,1,1,1,1,1,1,148
0,1,0,0,0,1,1,1,0,1,0,0,149
0,0,0,0,0,0,0,0,0,0,0,0,150
1,0,0,0,0,1,1,1,1,1,1,0,151
1,1,0,1,1,0,0,1,1,0,0,0,152
1,0,0,0,0,0,1,1,1,0,0,0,153
0,1,0,0,0,1,1,1,0,1,0,1,154
0,1,0,0,0,0,1,1,0,1,0,0,155
0,0,0,0,1,0,1,0,0,0,0,1,156
0,1,0,0,0,0,1,1,0,1,0,1,157
1,0,1,1,1,1,0,1,0,1,0,0,158
1,0,1,1,1,1,0,1,0,1,0,1,159
1,1,1,1,1,1,1,1,0,1,0,1,160
1,0,1,1,0,1,0,1,0,1,1,0,161
1,0,1,1,0,1,0,1,0,1,1,1,162
1,1,1,1,0,1,1,1,1,1,1,1,163
1,1,1,1,0,1,1,1,0,1,0,0,164
1,0,1,1,0,1,1,1,0,1,0,0,165
1,1,1,1,1,0,1,1,1,1,1,1,166
0,0,0,0,0,0,1,0,1,0,0,1,167
1,1,1,1,1,1,0,1,0,1,1,1,168
0,1,0,0,0,0,0,1,1,1,0,0,169
1,1,1,1,0,1,1,1,0,1,0,1,170
0,1,0,0,0,0,0,1,1,1,0,1,171
1,0,1,1,0,1,1,1,0,1,0,1,172
1,1,0,1,1,1,1,0,0,0,0,0,173
1,1,1,1,1,1,1,1,0,1,1,1,174
0,1,0,0,0,0,0,1,0,1,1,0,175
0,1,0,0,0,1,0,1,0,1,1,0,176
1,1,1,1,1,1,0,1,1,1,0,1,177
0,1,0,0,0,1,0,1,0,1,1,1,178
0,1,0,0,0,0,0,1,0,1,1,1,179
0,0,0,0,0,0,1,0,0,1,1,0,180
0,1,0,0,1,1,0,1,0,1,0,0,181
1,1,1,1,1,1,1,1,1,1,0,1,182
1,0,0,1,0,1,0,0,0,0,0,0,183
1,1,1,1,0,1,0,1,1,1,0,0,184
1,1,1,1,0,1,0,1,1,1,0,1,185
0,0,1,1,0,1,1,1,0,1,1,0,186
1,1,1,1,1,1,0,1,1,1,1,1,187
0,1,0,0,1,0,0,1,0,1,0,0,188
1,1,1,1,0,1,0,1,0,1,1,0,189
1,1,1,1,0,1,0,1,0,1,1,1,190
0,1,0,0,1,1,0,1,0,1,0,1,191
1,1,0,1,1,1,1,0,0,0,0,1,192
0,1,0,0,1,0,0,1,0,1,0,1,193
0,0,1,1,0,1,1,1,0,1,1,1,194
1,1,1,1,0,1,1,1,0,1,1,1,195
1,0,0,1,0,1,0,0,0,0,0,1,196
1,1,1,1,1,0,1,1,0,1,0,0,197
1,1,1,1,1,0,1,1,0,1,0,1,198
1,0,1,1,1,1,1,1,1,1,1,1,199
1,1,1,1,1,0,0,1,1,1,0,0,200
0,1,0,0,0,1,0,1,0,1,0,0,201
1,1,1,1,1,0,0,1,1,1,0,1,202
1,1,1,1,0,0,1,1,1,1,0,0,203
0,0,0,0,0,1,0,0,0,0,1,1,204
0,0,0,0,0,0,0,0,1,0,1,1,205
0,1,0,0,0,1,0,1,0,1,0,1,206
1,1,1,1,0,1,1,1,1,1,0,1,207
1,0,1,0,0,1,1,1,0,1,1,0,208
0,1,0,0,0,1,0,1,1,1,0,0,209
1,1,0,1,1,1,0,0,0,0,1,0,210
1,0,1,0,0,1,1,1,0,1,1,1,211
1,1,0,1,0,0,0,0,0,0,0,0,212
1,1,0,1,1,1,0,0,0,0,1,1,213
1,1,1,1,0,0,1,1,1,1,0,1,214
0,1,0,0,0,1,0,1,1,1,0,1,215
0,1,1,0,0,1,0,1,0,1,0,0,216
1,1,1,1,1,1,0,1,0,1,0,0,217
1,1,1,1,1,1,0,1,0,1,0,1,218
0,1,1,0,0,1,0,1,0,1,0,1,219
1,1,0,1,0,0,0,0,0,0,0,1,220
1,0,1,1,1,1,1,1,0,1,0,0,221
1,0,1,1,1,1,1,1,0,1,0,1,222
1,1,0,1,1,1,1,1,1,1,1,1,223
1,1,1,1,0,1,0,1,1,1,1,1,224
0,1,0,1,0,1,0,1,0,1,0,0,225
1,1,1,0,0,0,0,0,0,0,0,0,226
1,1,0,0,0,0,0,1,0,1,0,0,227
0,0,0,0,0,1,1,0,0,0,0,1,228
1,1,1,0,0,0,0,0,0,0,0,1,229
1,0,1,1,1,1,0,1,1,1,0,0,230
0,1,1,1,0,0,0,0,0,0,0,0,231
1,0,1,0,0,1,0,1,1,1,1,0,232
1,1,1,0,1,1,1,1,1,1,1,1,233
0,1,1,1,0,0,0,0,0,0,0,1,234
1,0,1,0,0,1,0,1,1,1,1,1,235
0,0,1,1,0,1,0,1,1,1,1,0,236
0,1,0,0,0,0,1,0,0,0,1,0,237
1,0,1,1,1,1,0,1,1,1,0,1,238
1,0,1,1,1,1,0,1,0,1,1,0,239
0,0,1,1,0,1,0,1,1,1,1,1,240
1,1,0,1,1,1,0,0,1,0,0,1,241
0,0,0,0,0,1,0,0,1,0,0,1,242
0,1,0,1,0,1,0,1,0,1,0,1,243
0,0,1,0,0,1,1,1,1,1,1,0,244
0,0,1,0,0,1,1,1,1,1,1,1,245
1,1,0,1,1,1,0,0,1,0,0,0,246
0,1,0,0,0,0,1,0,0,0,1,1,247
1,1,0,1,0,1,1,0,1,0,0,0,248
1,1,0,0,0,1,0,1,0,1,0,0,249
1,0,1,1,1,1,0,1,0,1,1,1,250
1,1,1,0,1,1,0,1,1,1,1,1,251
1,1,0,1,0,1,1,0,1,0,0,1,252
1,0,1,1,0,0,1,1,1,1,1,0,253
0,1,1,1,1,1,1,1,1,1,1,1,254
1,1,0,0,0,0,0,1,0,1,0,1,255
0,0,1,0,0,0,0,0,1,0,0,1,256
1,1,0,0,0,1,0,1,0,1,0,1,257
0,1,0,1,0,0,1,1,0,1,0,0,258
1,0,1,0,0,1,1,1,1,1,0,0,259
0,1,1,1,1,1,0,1,1,1,1,1,260
1,1,1,1,1,1,1,0,1,1,1,1,261
0,0,0,0,0,0,1,0,0,1,1,1,262
1,0,1,1,0,0,1,1,1,1,1,1,263
1,1,0,1,0,1,0,0,1,0,1,0,264
1,1,0,1,0,1,0,0,1,0,1,1,265
0,1,0,1,0,0,1,1,0,1,0,1,266
1,1,0,1,0,1,1,0,0,0,1,0,267
1,1,0,1,0,1,1,0,0,0,1,1,268
1,1,1,1,1,1,0,1,1,0,1,1,269
1,0,0,0,0,0,0,0,1,0,0,1,270
1,1,1,1,1,0,0,1,0,1,1,0,271
1,0,0,1,0,0,0,1,0,1,0,0,272
1,1,0,0,0,0,1,1,0,1,0,0,273
0,1,0,0,0,0,0,0,0,1,1,0,274
1,0,0,1,0,0,0,1,0,1,0,1,275
1,1,0,0,0,1,1,0,1,0,1,0,276
0,1,0,0,0,0,0,0,0,1,1,1,277
1,1,0,0,0,0,1,1,0,1,0,1,278
0,1,0,1,0,0,0,1,0,1,0,0,279
1,0,1,0,0,1,1,1,1,1,0,1,280
1,1,1,1,1,0,0,1,0,1,1,1,281
0,0,0,0,0,1,1,0,0,0,1,0,282
1,0,1,1,1,1,0,1,1,1,1,1,283
0,1,0,1,0,0,0,1,0,1,0,1,284
0,1,1,1,0,0,0,1,0,1,0,0,285
0,0,0,0,0,1,1,0,0,0,1,1,286
1,0,0,0,1,0,0,1,0,1,0,0,287
1,1,1,1,1,0,0,1,1,1,1,1,288
0,0,0,1,0,0,0,0,1,0,0,1,289
0,1,1,1,0,0,0,1,0,1,0,1,290
1,0,0,0,1,0,0,1,0,1,0,1,291
0,0,0,1,1,0,0,1,0,1,0,0,292
0,0,1,1,0,1,1,1,1,1,0,0,293
1,0,1,1,1,0,1,1,1,1,0,0,294
0,0,0,1,1,0,0,1,0,1,0,1,295
1,1,0,0,0,1,1,0,1,0,1,1,296
0,0,0,0,0,0,1,1,1,1,0,0,297
0,0,0,0,0,1,0,0,0,1,1,0,298
1,1,1,0,0,0,0,1,0,1,0,0,299
1,1,1,0,0,0,0,1,0,1,0,1,300
0,1,0,1,1,0,0,1,0,1,0,0,301
0,1,0,1,1,0,0,1,0,1,0,1,302
1,1,1,1,1,1,1,1,1,0,1,1,303
1,1,0,0,1,0,0,1,0,1,0,0,304
0,0,1,1,0,1,1,1,1,1,0,1,305
1,0,1,1,1,0,1,1,1,1,0,1,306
1,0,1,1,0,1,0,1,1,1,0,0,307
0,0,0,0,0,1,0,0,0,1,1,1,308
0,1,1,1,1,0,1,1,1,1,1,1,309
0,0,0,0,0,0,1,1,1,1,0,1,310
1,0,1,0,0,0,0,1,0,1,0,0,311
1,0,1,1,1,0,1,1,0,1,1,0,312
0,1,0,0,0,1,0,0,0,0,1,0,313
0,1,0,1,0,1,1,0,1,0,1,0,314
0,1,0,0,0,0,0,0,1,0,0,1,315
0,1,0,1,0,1,1,0,1,0,1,1,316
1,1,0,0,1,1,1,0,0,0,1,0,317
1,0,1,1,1,0,1,1,0,1,1,1,318
0,1,0,0,0,1,0,0,0,0,1,1,319
1,1,0,0,1,0,0,1,0,1,0,1,320
0,0,0,0,0,0,1,1,0,0,1,0,321
1,1,0,0,1,1,1,0,0,0,1,1,322
1,0,1,1,1,0,0,1,1,1,1,0,323
1,0,1,1,1,0,0,1,1,1,1,1,324
0,0,0,0,0,0,1,1,0,0,1,1,325
1,0,1,0,0,0,0,1,0,1,0,1,326
1,0,1,1,0,1,0,1,1,1,0,1,327
1,1,1,0,1,0,1,1,1,1,0,0,328
0,0,0,0,0,0,0,1,0,1,1,0,329
1,1,1,0,1,0,1,1,1,1,0,1,330
0,0,0,0,0,0,0,0,1,1,0,1,331
0,0,1,1,0,0,0,1,0,1,0,0,332
0,1,1,1,1,0,1,1,1,1,0,0,333
0,1,0,1,1,1,1,0,0,0,1,0,334
0,0,0,0,0,0,0,1,0,1,1,1,335
0,1,1,1,1,0,1,1,1,1,0,1,336
1,1,1,0,1,0,0,1,1,1,1,0,337
1,1,1,0,1,0,1,1,1,1,1,1,338
0,0,0,0,0,0,0,1,1,0,0,1,339
0,1,0,1,0,0,0,1,0,1,1,0,340
0,1,0,0,0,0,0,1,0,0,1,0,341
0,1,0,1,1,1,1,0,0,0,1,1,342
0,1,0,1,0,0,0,1,0,1,1,1,343
0,0,1,1,0,0,0,1,0,1,0,1,344
1,1,0,0,0,0,0,1,0,1,1,0,345
0,1,0,1,1,1,1,0,1,0,0,0,346
0,1,1,0,1,1,1,1,1,1,1,1,347
1,1,1,0,1,0,0,1,1,1,1,1,348
1,0,1,0,1,1,1,1,0,1,0,0,349
0,1,1,1,1,0,0,1,1,1,1,0,350
0,1,0,1,1,1,1,0,1,0,0,1,351
1,1,0,0,0,0,0,1,0,1,1,1,352
0,0,0,0,0,0,1,1,0,0,0,1,353
0,0,0,0,0,0,0,1,0,0,1,1,354
0,1,1,1,1,0,0,1,1,1,1,1,355
0,1,1,0,1,0,1,1,1,1,1,0,356
1,1,1,1,1,0,1,1,1,1,0,1,357
1,1,0,0,1,1,1,0,1,0,0,0,358
0,1,1,0,1,0,1,1,1,1,1,1,359
1,0,1,0,1,1,1,1,0,1,0,1,360
1,1,1,0,1,1,1,1,1,1,0,1,361
0,1,0,0,0,0,0,1,0,0,1,1,362
0,0,1,1,1,1,1,1,0,1,0,0,363
1,1,0,0,1,1,1,0,1,0,0,1,364
0,0,0,0,0,1,0,1,0,0,1,0,365
0,1,1,0,0,0,0,1,0,1,0,0,366
0,0,1,1,1,1,1,1,0,1,0,1,367
0,1,1,0,0,0,0,1,0,1,0,1,368
1,0,1,0,1,0,1,1,1,1,1,0,369
0,0,1,0,1,1,1,1,1,1,0,0,370
0,1,0,0,1,1,1,0,1,0,1,0,371
0,0,1,0,1,1,1,1,1,1,0,1,372
1,0,1,0,1,0,1,1,1,1,1,1,373
1,1,0,1,0,0,0,1,0,1,0,0,374
0,0,1,1,1,0,1,1,1,1,1,0,375
0,1,0,0,1,1,1,0,1,0,1,1,376
0,1,0,1,1,1,0,0,1,0,1,0,377
1,1,0,1,0,0,0,1,0,1,0,1,378
0,0,1,0,1,0,0,1,0,1,0,0,379
0,1,0,1,1,1,0,0,1,0,1,1,380
0,1,1,1,1,1,1,1,1,1,0,1,381
1,1,1,1,1,1,1,1,1,0,0,1,382
1,0,1,0,1,1,0,1,1,1,0,0,383
0,1,1,0,0,0,1,1,0,1,0,0,384
1,1,0,0,1,1,0,0,1,0,1,0,385
0,0,1,0,1,0,0,1,0,1,0,1,386
0,0,1,1,1,0,1,1,1,1,1,1,387
1,1,0,0,0,0,0,0,1,1,1,0,388
1,1,1,1,1,1,0,0,1,1,0,0,389
1,1,0,0,0,0,0,1,1,0,1,0,390
1,1,1,1,1,1,0,0,0,1,1,1,391
1,1,1,1,1,1,0,0,0,0,1,0,392
1,0,0,0,0,0,0,0,0,1,1,0,393
1,0,1,1,1,1,0,0,0,0,0,0,394
1,1,0,1,1,0,1,0,0,1,0,0,395
1,0,0,0,1,0,0,0,0,0,1,0,396
1,0,0,0,0,1,1,0,0,1,1,0,397
1,1,0,0,0,0,0,0,0,0,1,0,398
1,1,0,0,0,0,1,0,0,1,1,0,399
1,1,0,0,1,1,1,1,1,1,0,0,400
1,1,1,1,0,0,1,1,0,1,0,1,401
1,1,1,0,1,0,1,1,1,0,1,0,402
1,0,0,1,0,0,0,0,0,1,0,0,403
1,1,0,1,0,1,0,0,0,0,1,0,404
1,1,1,1,1,1,1,1,0,0,1,1,405
1,1,1,1,1,0,0,0,0,0,0,0,406
1,1,1,1,1,1,0,0,1,1,0,1,407
1,0,1,1,1,1,1,0,0,0,1,0,408
1,0,1,0,1,0,0,0,1,1,0,0,409
1,1,0,1,0,1,0,0,0,1,1,0,410
1,0,0,0,1,0,0,1,0,0,0,1,411
1,1,0,0,0,0,1,1,1,1,0,0,412
1,0,0,1,0,0,0,0,0,0,0,1,413
1,1,0,1,0,0,1,0,0,0,1,0,414
1,0,0,1,1,0,0,0,1,0,0,0,415
0,1,0,0,0,0,0,0,1,1,1,0,416
0,1,1,1,1,1,0,0,1,1,0,0,417
0,1,1,1,0,0,1,1,1,1,1,0,418
0,1,0,0,0,0,0,1,1,0,1,0,419
0,1,1,1,1,1,0,0,0,1,1,1,420
0,1,1,1,1,1,0,0,0,0,1,0,421
0,0,1,1,1,1,0,0,0,0,0,0,422
0,1,0,1,1,0,1,0,0,1,0,0,423
0,0,0,0,0,1,1,0,0,1,1,0,424
0,1,0,0,0,0,1,0,0,1,1,0,425
0,0,1,1,1,0,1,1,1,1,0,1,426
0,1,0,0,1,1,1,1,1,1,0,0,427
0,1,1,1,0,1,0,1,1,1,0,0,428
0,1,1,1,0,0,1,1,0,1,0,1,429
0,1,1,0,1,0,1,1,1,0,1,0,430
0,0,1,0,0,1,0,1,1,1,1,0,431
0,1,1,1,1,1,1,0,1,1,1,1,432
0,1,0,1,0,1,0,0,0,0,1,0,433
0,1,1,1,0,1,1,1,1,1,1,1,434
0,1,1,1,1,1,1,1,0,0,1,1,435
0,1,1,1,1,0,0,0,0,0,0,0,436
0,1,1,1,1,1,0,0,1,1,0,1,437
0,0,1,1,1,1,1,0,0,0,1,0,438
0,0,1,0,1,0,0,0,1,1,0,0,439
0,1,0,1,0,1,0,0,0,1,1,0,440
0,0,0,0,1,0,0,1,0,0,0,1,441
0,1,0,0,0,0,1,1,1,1,0,0,442
0,1,0,1,0,0,1,0,0,0,1,0,443
0,0,0,1,1,0,0,0,1,0,0,0,444
0,1,1,0,0,1,1,0,0,0,0,0,445
0,1,0,0,0,0,0,0,0,0,1,1,446
1,1,1,0,1,1,0,0,1,0,1,0,447
0,1,1,1,1,0,1,0,1,1,0,0,448
0,1,1,1,1,1,1,1,0,0,1,0,449
0,1,0,0,1,1,1,1,1,0,0,0,450
0,1,0,0,0,0,0,0,1,0,1,0,451
1,1,0,0,0,0,1,1,1,1,1,0,452
1,1,1,0,0,1,1,1,0,0,1,0,453
0,1,0,1,1,0,0,0,1,0,0,1,454
0,1,1,0,0,0,1,1,0,0,1,0,455
1,1,0,0,0,0,0,0,0,1,0,0,456
1,1,1,0,0,0,1,0,1,1,0,0,457
1,1,1,1,0,1,1,1,1,0,0,1,458
1,1,0,1,0,1,1,0,1,1,1,1,459
1,1,1,1,1,1,1,0,0,1,0,0,460
0,1,0,0,0,0,0,1,0,0,0,1,461
1,1,0,0,0,0,1,0,0,1,0,0,462
1,1,1,1,0,1,1,1,1,0,1,1,463
1,1,0,0,1,1,0,0,1,1,1,0,464
1,1,1,0,0,1,0,0,0,0,1,0,465
0,1,1,0,0,0,1,1,1,1,0,0,466
1,1,0,1,1,0,0,1,1,0,1,0,467
1,1,0,0,0,0,0,0,0,0,1,1,468
0,1,1,1,0,1,0,0,1,1,0,1,469
0,1,1,1,1,1,0,0,1,1,1,0,470
1,1,0,0,0,0,1,0,1,0,1,1,471
1,1,1,1,0,1,0,0,0,0,0,0,472
1,1,1,0,1,1,0,1,1,0,1,0,473
1,1,0,0,1,0,1,1,1,1,1,0,474
1,1,0,0,0,0,0,0,1,1,1,1,475
0,0,1,0,0,1,1,0,0,0,0,0,476
1,0,1,0,0,1,1,1,1,1,1,0,477
1,0,1,0,1,1,0,0,1,0,1,0,478
0,0,1,1,1,0,1,0,1,1,0,0,479
1,0,0,1,1,1,1,1,1,1,1,1,480
1,0,0,0,1,1,1,1,1,1,1,0,481
0,0,1,1,1,1,1,1,0,0,1,0,482
0,0,0,0,1,1,1,1,1,0,0,0,483
1,0,1,1,1,1,0,1,1,0,1,0,484
1,0,0,0,0,0,1,1,1,1,1,0,485
1,0,1,0,0,1,1,1,0,0,1,0,486
0,0,0,1,1,0,0,0,1,0,0,1,487
0,0,1,0,0,0,1,1,0,0,1,0,488
1,0,1,1,1,1,1,1,0,0,1,1,489
1,0,1,0,0,0,1,0,1,1,0,0,490
1,0,1,1,1,1,0,0,1,1,0,0,491
1,0,1,1,0,1,1,1,1,0,0,1,492
1,0,0,1,0,1,1,0,1,1,1,1,493
1,0,1,1,1,1,1,0,0,1,0,0,494
0,0,0,1,0,1,0,0,0,0,1,0,495
1,0,1,1,1,1,0,0,1,1,0,1,496
1,0,0,0,0,0,1,0,0,1,0,0,497
1,0,1,1,0,1,1,1,1,0,1,1,498
1,0,0,0,1,1,0,0,1,1,1,0,499
1,0,1,0,0,1,0,0,0,0,1,0,500
0,0,1,0,0,0,1,1,1,1,0,0,501
1,0,0,1,1,0,0,1,1,0,1,0,502
1,0,0,0,0,0,0,0,0,0,1,1,503
0,0,1,1,0,1,0,0,1,1,0,1,504
0,0,1,1,1,1,0,0,1,1,1,0,505
0,0,1,1,1,1,1,1,1,1,0,0,506
1,0,0,0,0,0,1,0,1,0,1,1,507
1,0,1,1,0,1,0,0,0,0,0,0,508
1,0,1,0,1,1,0,1,1,0,1,0,509
1,0,0,0,1,0,1,1,1,1,1,0,510
1,0,0,0,0,0,0,0,1,1,1,1,511
1,0,1,1,1,1,1,1,1,0,1,1,512
1,0,1,0,0,0,0,0,0,0,1,0,513
0,1,1,1,0,1,1,0,1,1,1,0,514
1,1,1,1,1,0,0,0,0,0,0,1,515
0,0,1,1,0,0,0,0,0,1,0,0,516
0,1,1,1,0,0,0,0,1,0,0,0,517
0,0,1,1,0,0,0,0,0,0,1,0,518
0,1,1,1,1,1,0,1,1,1,0,0,519
1,0,1,0,0,0,0,0,0,0,1,1,520
0,1,1,1,0,1,0,0,1,1,1,0,521
0,0,1,1,1,0,0,0,1,0,0,0,522
0,1,1,1,1,1,1,0,1,1,0,0,523
0,1,1,0,0,1,0,0,0,1,0,1,524
1,1,1,1,1,1,0,0,1,1,1,1,525
0,1,1,1,1,1,0,0,1,1,1,1,526
1,0,1,0,1,0,1,1,1,1,0,1,527
0,0,1,1,1,0,0,0,0,0,0,0,528
0,1,1,1,1,0,0,0,1,0,1,0,529
0,0,1,1,0,1,1,1,1,1,1,0,530
0,1,1,1,0,1,1,1,0,1,1,0,531
1,0,1,1,1,0,0,1,1,1,0,1,532
0,0,1,0,0,0,0,1,0,0,1,0,533
0,1,1,0,0,0,0,1,1,0,0,0,534
1,0,1,1,0,0,0,0,0,0,0,0,535
0,1,1,1,0,0,0,1,1,0,1,0,536
0,0,1,0,0,0,0,0,0,0,1,1,537
0,0,1,1,0,1,1,0,1,1,1,0,538
1,0,1,0,0,0,1,1,0,0,1,1,539
0,0,1,0,0,0,0,0,1,0,1,1,540
1,0,1,0,0,0,1,1,1,0,1,0,541
0,1,0,1,1,0,0,1,1,1,1,0,542
0,1,0,1,0,1,1,0,1,1,1,0,543
0,1,0,1,1,1,1,1,0,1,1,0,544
1,1,0,1,1,0,0,0,0,0,0,1,545
1,1,0,1,1,1,0,0,1,1,1,0,546
0,1,0,1,0,0,0,0,1,0,0,0,547
0,1,0,1,1,1,0,1,1,1,0,0,548
0,1,0,1,0,1,0,0,1,1,1,0,549
0,1,0,1,1,1,1,0,1,1,0,0,550
0,1,0,1,1,1,1,1,0,0,1,1,551
0,1,0,0,0,1,0,0,0,1,0,1,552
0,1,0,1,0,1,1,1,1,1,1,0,553
1,1,0,1,1,1,0,0,1,1,1,1,554
0,1,0,1,1,1,0,0,1,1,1,1,555
1,0,0,0,1,0,1,1,1,1,0,1,556
0,1,0,1,1,0,0,0,1,0,1,0,557
0,0,0,1,0,1,1,1,1,1,1,0,558
0,1,0,1,0,1,1,1,0,1,1,0,559
1,0,0,1,1,0,0,1,1,1,0,1,560
0,1,0,0,0,0,0,1,1,0,0,0,561
0,1,0,1,0,0,0,1,1,0,1,0,562
1,1,0,1,0,1,1,1,0,1,1,0,563
1,1,0,1,1,1,1,1,1,0,1,1,564
0,0,0,1,0,1,1,0,1,1,1,0,565
1,1,0,1,1,1,1,0,1,1,0,0,566
1,0,0,0,0,0,1,1,0,0,1,1,567
1,0,0,0,0,0,1,1,1,0,1,0,568
0,0,0,1,0,0,0,0,1,1,1,0,569
0,0,0,1,0,1,1,1,0,1,1,1,570
1,1,1,1,1,1,0,1,1,0,0,1,571
0,0,1,1,0,1,1,1,1,0,1,0,572
1,0,0,1,0,0,0,0,1,1,1,0,573
0,0,0,1,0,0,1,1,0,1,1,0,574
0,0,0,1,0,1,0,0,1,1,0,0,575
1,0,0,1,1,1,0,0,0,0,1,0,576
1,1,1,1,1,0,0,1,1,0,1,0,577
1,0,0,1,1,0,0,1,0,0,1,0,578
1,0,0,1,0,1,1,1,1,1,1,0,579
1,1,1,1,1,0,0,0,1,0,1,0,580
0,0,0,1,0,1,0,0,1,0,1,0,581
0,1,0,1,1,0,0,0,0,0,0,0,582
1,0,0,1,0,0,1,1,0,0,1,0,583
1,1,1,1,0,1,0,0,1,1,0,0,584
1,0,0,1,0,0,0,0,0,0,1,0,585
0,0,1,1,1,0,0,1,0,0,0,0,586
1,0,0,1,1,0,0,1,1,1,0,0,587
1,0,0,1,0,1,0,1,0,0,1,0,588
0,0,0,1,1,1,1,1,1,1,1,1,589
0,0,0,1,0,0,1,1,1,0,0,0,590
1,0,0,1,0,0,0,1,1,0,1,0,591
0,0,1,1,0,0,1,1,0,1,1,0,592
0,0,1,1,0,0,0,0,1,0,1,0,593
0,0,0,1,0,0,0,0,0,0,1,1,594
0,0,0,1,1,0,0,1,1,1,0,0,595
1,0,0,1,0,0,0,0,0,0,1,1,596
1,0,0,1,1,0,1,1,0,0,1,0,597
1,0,0,1,0,0,1,1,1,0,0,0,598
1,0,0,1,0,0,0,0,1,1,1,1,599
0,0,1,1,1,1,1,1,0,1,1,0,600
1,0,0,1,0,0,1,1,0,0,1,1,601
0,0,0,0,0,0,0,0,1,1,1,0,602
0,0,0,0,0,1,1,1,0,1,1,1,603
1,1,1,0,1,1,0,1,1,0,0,1,604
1,1,1,0,1,1,0,1,0,1,0,1,605
1,0,1,0,1,1,1,0,1,1,1,0,606
0,0,1,0,0,1,1,1,1,0,1,0,607
1,0,0,0,0,0,0,0,1,1,1,0,608
0,0,0,0,0,0,1,1,0,1,1,0,609
0,0,0,0,0,1,0,0,1,1,0,0,610
1,0,0,0,1,1,0,0,0,0,1,0,611
1,1,1,0,1,0,0,1,1,0,1,0,612
1,0,0,0,1,0,0,1,0,0,1,0,613
1,1,1,0,0,1,1,1,0,1,0,0,614
1,1,1,0,1,0,0,0,1,0,1,0,615
0,0,0,0,0,1,0,0,1,0,1,0,616
1,0,0,0,0,0,1,1,0,0,1,0,617
1,1,1,0,0,1,0,0,1,1,0,0,618
0,0,1,0,1,0,0,1,0,0,0,0,619
1,0,0,0,1,0,0,1,1,1,0,0,620
1,0,0,0,0,1,0,1,0,0,1,0,621
0,0,0,0,1,1,1,1,1,1,1,1,622
1,1,1,0,0,0,1,1,1,1,1,0,623
0,0,0,0,0,0,1,1,1,0,0,0,624
1,0,0,0,0,0,0,1,1,0,1,0,625
0,0,1,0,0,0,1,1,0,1,1,0,626
0,0,1,0,0,0,0,0,1,0,1,0,627
0,0,0,0,1,0,0,1,1,1,0,0,628
1,0,0,0,1,0,1,1,0,0,1,0,629
0,0,1,0,1,1,1,1,0,1,1,0,630
0,1,1,1,1,0,0,0,0,0,0,1,631
1,0,0,1,1,0,0,0,0,0,1,0,632
0,1,0,0,1,0,0,1,0,0,1,0,633
1,0,0,1,1,0,0,0,0,1,0,0,634
1,0,1,0,1,0,0,0,0,0,1,0,635
1,0,0,0,1,1,1,1,1,0,0,0,636
0,1,1,1,1,1,0,1,1,0,1,0,637
1,1,1,0,1,1,1,1,0,0,1,1,638
1,0,0,1,1,0,0,0,0,0,0,0,639
0,1,0,0,1,1,0,0,0,0,0,0,640
0,0,0,0,1,0,0,0,0,0,1,1,641
0,0,0,0,1,1,0,0,1,1,1,0,642
0,0,1,1,1,1,0,0,0,0,1,0,643
0,1,0,1,1,0,1,1,1,1,1,0,644
0,1,1,0,1,0,0,0,0,0,1,0,645
1,0,0,0,1,0,0,0,0,0,0,1,646
1,1,1,1,1,1,0,0,0,0,1,1,647
0,1,1,1,1,0,0,1,1,1,0,0,648
0,1,1,1,1,1,0,0,1,0,1,0,649
0,0,1,0,1,1,0,1,1,1,1,0,650
0,1,1,0,1,1,0,0,0,0,0,0,651
0,0,0,1,1,1,1,1,1,1,1,0,652
0,1,0,0,1,0,0,0,0,0,0,1,653
0,1,0,0,1,1,0,1,1,0,0,0,654
1,0,0,1,1,1,0,0,1,1,0,0,655
1,0,0,0,1,0,1,1,1,1,1,1,656
1,0,0,0,1,0,1,0,0,1,1,0,657
1,0,0,1,0,1,0,0,0,0,1,0,658
1,1,1,0,0,0,1,1,1,1,1,1,659
1,0,0,0,0,1,1,1,1,0,0,0,660
1,1,1,1,0,1,0,0,0,0,1,0,661
0,1,1,1,0,1,0,1,1,0,1,0,662
1,1,0,0,0,1,1,0,0,0,1,0,663
1,1,1,0,0,1,1,1,0,0,1,1,664
1,1,1,1,0,1,0,0,1,1,1,0,665
0,0,0,0,0,1,0,0,1,1,1,0,666
0,0,1,1,0,1,0,0,0,0,1,0,667
0,1,0,1,0,0,1,1,1,1,1,0,668
0,1,1,0,0,0,0,0,0,0,1,0,669
1,1,1,1,0,1,0,0,0,0,1,1,670
0,1,1,1,0,0,0,1,1,1,0,0,671
0,1,1,1,0,1,0,0,1,0,1,0,672
0,1,1,0,0,1,0,0,0,0,0,0,673
0,1,1,1,0,0,1,1,1,1,0,1,674
1,0,1,1,0,1,1,1,1,0,1,0,675
0,1,0,0,0,1,0,1,1,0,0,0,676
1,0,0,1,0,1,0,0,1,1,0,0,677
1,0,0,0,0,0,1,1,1,1,1,1,678
1,0,0,0,0,0,1,0,0,1,1,0,679
0,1,1,1,1,1,1,1,1,0,0,0,680
1,0,0,1,0,1,1,1,1,1,0,0,681
1,0,0,0,0,1,1,1,1,1,0,0,682
1,1,1,0,0,1,0,0,1,0,0,0,683
1,0,1,1,1,1,0,0,0,1,0,1,684
1,0,0,1,0,1,0,1,0,1,1,0,685
0,1,1,0,1,1,0,1,1,0,1,0,686
0,1,0,1,1,1,0,1,0,1,1,0,687
0,1,1,0,0,1,1,1,1,1,1,1,688
1,1,1,0,1,1,0,1,0,1,1,0,689
1,1,1,1,1,1,1,0,0,0,1,0,690
0,1,0,1,0,1,0,0,0,0,0,0,691
0,1,1,1,1,1,1,0,0,0,1,0,692
1,0,0,0,0,1,0,0,0,0,1,0,693
1,0,1,1,0,1,0,1,0,1,0,1,694
1,0,0,1,0,1,0,0,1,0,1,1,695
0,0,1,0,0,1,0,0,0,0,1,0,696
0,1,0,0,1,1,1,1,1,1,1,0,697
0,1,0,1,1,1,0,1,1,1,1,1,698
0,0,0,0,0,1,0,1,1,0,1,0,699
0,1,0,0,1,1,0,1,1,0,1,0,700
0,1,1,1,0,1,1,0,0,0,0,0,701
1,1,1,1,1,1,1,0,0,0,1,1,702
1,0,0,1,1,1,1,1,1,1,0,0,703
1,0,0,0,0,1,0,1,0,1,1,0,704
1,0,1,0,1,1,1,1,0,0,0,0,705
0,1,0,1,1,1,1,0,1,1,1,0,706
1,0,1,0,0,1,0,1,0,0,0,0,707
1,1,1,0,1,1,1,1,0,0,0,0,708
0,1,1,1,1,0,1,1,1,0,0,0,709
1,0,0,1,0,0,1,1,1,1,0,0,710
1,0,0,1,0,0,1,1,1,1,1,0,711
1,0,0,0,0,0,1,1,1,1,0,0,712
1,1,1,0,0,0,0,0,1,0,0,0,713
1,0,1,1,1,0,0,0,0,1,0,1,714
1,0,0,1,0,0,0,1,0,1,1,0,715
0,1,1,0,1,0,0,1,1,0,1,0,716
0,1,0,1,1,0,0,1,0,1,1,0,717
1,0,0,1,1,0,1,1,1,1,1,0,718
0,1,1,0,0,0,1,1,1,1,1,1,719
1,1,1,0,1,0,0,1,0,1,1,0,720
1,1,1,1,1,0,1,0,0,0,1,0,721
0,1,1,1,1,0,1,0,0,0,1,0,722
1,1,0,0,1,0,0,0,1,0,1,0,723
1,1,1,1,1,0,1,0,1,1,0,0,724
1,0,1,1,0,0,0,1,0,1,0,1,725
1,0,0,1,0,0,0,0,1,0,1,1,726
0,1,0,0,1,0,1,1,1,1,1,0,727
0,1,0,1,1,0,0,1,1,1,1,1,728
0,0,0,0,0,0,0,1,1,0,1,0,729
0,1,0,0,1,0,0,1,1,0,1,0,730
0,1,1,1,0,0,1,0,0,0,0,0,731
1,1,1,1,1,0,1,0,0,0,1,1,732
1,0,1,1,1,0,1,1,1,0,1,1,733
1,0,0,1,1,0,1,1,1,1,0,0,734
1,0,0,0,0,0,0,1,0,1,1,0,735
0,0,0,1,1,0,1,1,1,1,1,0,736
1,0,1,0,1,0,1,1,0,0,0,0,737
0,1,0,1,1,0,1,0,1,1,1,0,738
1,0,1,0,0,0,0,1,0,0,0,0,739
1,1,1,0,1,0,1,1,0,0,0,0,740
0,0,0,0,0,0,1,0,1,1,1,0,741
0,0,1,0,0,0,1,0,0,0,0,1,742
1,0,0,0,1,0,1,0,0,1,0,0,743
0,0,1,0,0,1,1,0,1,0,0,1,744
1,0,0,0,0,0,1,0,1,1,1,0,745
0,0,1,0,0,1,1,0,0,1,0,0,746
0,1,1,0,0,0,1,0,0,0,0,0,747
0,0,0,0,0,1,1,1,1,1,1,0,748
0,0,0,0,0,1,1,1,1,1,0,0,749
1,0,0,0,0,0,1,0,0,0,1,0,750
1,0,0,1,0,0,1,0,0,0,1,0,751
1,0,0,0,0,0,1,0,1,1,1,1,752
0,1,1,1,1,0,1,0,0,0,0,0,753
1,0,0,0,0,0,1,0,0,0,1,1,754
0,1,1,1,1,0,1,0,0,1,1,0,755
1,0,0,1,1,0,1,0,0,0,0,0,756
1,0,1,1,0,0,1,0,1,1,1,0,757
1,0,1,0,1,0,1,0,0,0,0,0,758
0,1,0,0,0,1,1,0,0,1,0,0,759
0,0,0,0,0,0,1,0,0,0,1,1,760
0,0,1,1,1,1,1,0,1,1,0,0,761
1,1,1,1,1,0,1,0,0,0,0,0,762
1,0,1,0,1,0,1,0,0,0,1,0,763
1,0,0,0,0,0,1,0,0,0,0,1,764
0,0,1,0,1,0,1,0,0,0,0,1,765
0,1,1,1,1,0,0,0,0,0,1,0,766
1,1,1,1,1,0,0,0,1,1,1,0,767
1,0,0,0,1,0,0,0,0,1,0,0,768
0,0,1,0,0,1,0,0,1,0,0,1,769
0,0,1,0,0,1,0,0,0,1,0,0,770
0,0,0,0,0,1,0,1,1,1,1,0,771
0,0,0,0,0,1,0,1,1,1,0,0,772
1,0,0,1,1,1,0,1,1,1,1,0,773
1,1,0,1,1,1,0,1,1,1,1,1,774
1,0,0,1,1,1,0,1,1,1,1,1,775
0,1,1,1,1,0,0,0,0,1,1,0,776
0,0,1,1,1,1,0,1,1,1,1,0,777
1,0,1,1,0,0,0,0,1,1,1,0,778
1,0,1,0,1,0,0,0,0,0,0,0,779
0,1,0,0,0,1,0,0,0,1,0,0,780
1,1,1,1,1,0,0,0,0,0,1,0,781
0,0,1,1,1,1,0,0,1,1,0,0,782
1,1,1,1,1,0,0,0,1,1,0,0,783
0,1,1,1,1,1,0,1,1,1,0,1,784
0,0,1,0,1,0,0,0,0,0,0,1,785
0,0,1,1,0,1,1,1,0,1,0,0,786
1,1,1,1,1,1,0,1,0,0,0,0,787
0,0,1,1,1,0,0,1,0,1,1,0,788
1,0,0,0,0,1,0,1,1,0,1,0,789
0,1,1,1,1,0,0,1,1,0,1,0,790
1,0,0,0,0,0,0,1,0,0,1,0,791
0,1,1,1,0,1,1,1,0,0,0,0,792
1,1,1,0,1,1,1,1,1,0,1,1,793
0,0,0,1,0,0,0,1,0,1,0,0,794
1,0,0,0,0,0,0,1,0,0,1,1,795
0,1,0,0,1,0,0,1,0,0,0,0,796
0,0,1,1,0,0,0,1,0,0,0,1,797
1,1,1,1,1,0,0,1,0,0,0,1,798
0,0,0,0,1,1,1,1,1,1,1,0,799
1,1,0,0,0,0,0,1,0,0,0,0,800
0,1,1,1,1,1,0,1,0,0,1,0,801
1,1,0,0,1,0,0,1,0,0,1,0,802
1,0,0,0,0,1,1,1,0,1,1,0,803
0,1,0,0,0,0,1,1,0,0,1,0,804
1,0,0,0,0,1,0,1,1,1,1,0,805
1,0,0,0,0,0,0,1,1,1,1,0,806
1,0,0,1,0,0,0,1,1,0,0,0,807
1,0,0,0,0,0,0,1,0,0,0,1,808
0,0,1,1,0,1,1,0,0,1,0,0,809
1,1,1,1,1,1,0,0,0,0,0,0,810
1,0,1,1,0,1,1,0,0,1,0,0,811
1,0,0,0,1,0,0,0,1,1,0,0,812
0,0,1,1,1,0,0,0,0,1,1,0,813
1,0,0,0,0,1,0,0,1,0,1,0,814
1,1,1,1,1,1,1,0,1,0,1,1,815
0,1,1,1,1,1,1,0,0,0,1,1,816
1,1,1,0,1,1,1,0,1,0,1,1,817
0,0,1,1,1,1,1,0,1,1,1,0,818
1,1,1,1,1,1,0,0,0,1,0,0,819
1,1,1,1,1,0,0,0,1,1,1,1,820
0,0,0,1,1,0,1,0,1,1,1,0,821
0,0,1,1,0,0,0,0,0,0,0,1,822
1,0,0,0,0,1,1,0,1,1,1,0,823
1,1,1,1,0,1,0,0,0,1,1,0,824
1,1,1,1,1,1,1,0,1,1,0,1,825
0,0,0,0,1,1,1,0,1,1,1,0,826
1,1,0,1,1,1,1,0,1,1,1,1,827
1,1,0,0,1,0,0,0,0,0,1,0,828
0,1,1,1,1,0,0,0,1,1,1,0,829
1,0,0,0,0,1,0,0,1,1,1,0,830
1,0,0,1,0,0,0,0,1,0,0,0,831
1,0,0,1,1,0,0,0,1,0,1,0,832
0,0,0,1,0,0,0,0,1,0,1,0,833
0,0,0,1,1,1,1,0,1,1,0,0,834
1,0,1,0,1,0,0,0,1,0,0,1,835
0,1,0,1,1,0,0,1,1,1,0,0,836
0,0,1,0,0,1,0,0,1,0,1,0,837
0,0,0,1,0,0,0,1,1,1,1,0,838
0,1,0,1,0,0,0,0,1,0,1,0,839
1,0,0,0,0,0,0,0,1,0,1,0,840
1,0,0,0,0,0,0,0,1,0,1,1,841
0,1,1,0,1,1,0,0,1,1,1,0,842
0,0,0,0,1,0,1,0,1,0,0,1,843
1,0,0,1,1,1,1,1,1,0,0,0,844
1,1,1,1,1,0,1,0,1,0,1,0,845
0,1,0,0,1,1,1,1,1,0,1,0,846
1,0,1,1,0,1,1,1,1,0,0,0,847
0,0,0,0,1,0,0,0,1,0,1,0,848
0,0,1,1,1,0,0,0,1,1,0,0,849
1,1,0,0,1,0,0,0,1,0,1,1,850
0,1,1,0,1,0,0,1,1,0,0,0,851
1,0,0,1,1,0,0,0,1,0,1,1,852
0,1,1,1,1,0,1,1,1,0,1,0,853
0,0,0,0,1,0,1,0,1,0,0,0,854
0,1,0,0,0,0,0,1,1,1,1,0,855
1,1,1,1,1,0,0,0,1,0,1,1,856
0,1,0,1,0,1,1,1,1,0,1,0,857
0,1,1,0,1,0,0,0,1,0,0,0,858
1,1,1,1,1,1,1,0,1,0,0,0,859
0,0,0,1,0,1,0,1,1,0,0,0,860
1,0,0,0,0,1,1,1,1,1,0,1,861
0,0,0,1,1,1,1,0,0,1,0,0,862
1,0,1,0,1,0,0,0,0,0,0,1,863
1,0,0,1,1,1,1,1,0,1,1,0,864
0,0,0,1,0,0,0,1,0,1,1,0,865
1,1,1,1,1,0,0,1,0,0,1,0,866
0,1,0,1,0,0,0,0,0,0,1,0,867
0,1,1,0,1,1,0,0,0,1,1,0,868
1,1,1,1,1,0,0,0,0,1,0,0,869
1,0,0,1,1,1,1,1,0,0,0,0,870
0,1,0,0,1,1,1,1,0,0,1,0,871
1,0,0,1,1,0,1,1,0,1,0,0,872
1,0,1,1,0,1,1,1,0,0,0,0,873
0,0,1,1,1,0,0,0,0,1,0,0,874
1,1,0,0,1,0,0,0,0,0,1,1,875
0,1,1,0,1,0,0,1,0,0,0,0,876
1,0,0,1,1,0,0,0,0,0,1,1,877
0,1,1,1,1,0,1,1,0,0,1,0,878
1,1,1,1,1,0,0,0,0,0,1,1,879
0,1,0,1,0,1,1,1,0,0,1,0,880
0,1,1,0,1,0,0,0,0,0,0,0,881
1,1,1,1,1,0,1,0,0,1,1,0,882
1,1,1,1,1,1,1,0,0,0,0,0,883
0,1,0,1,0,1,1,0,0,0,1,1,884
0,0,0,1,0,1,0,1,0,0,0,0,885
1,0,0,0,0,1,1,1,0,1,0,1,886
0,1,1,1,1,1,1,1,0,1,1,1,887
1,1,1,1,1,0,0,0,0,1,1,0,888
0,1,1,0,1,0,0,0,1,1,1,0,889
1,1,1,1,0,0,0,1,1,1,0,0,890
1,1,1,1,1,0,0,0,0,1,1,1,891
1,0,1,1,1,0,0,1,1,1,0,0,892
1,1,1,1,0,0,0,1,0,1,1,1,893
1,0,1,0,0,1,1,1,1,1,1,1,894
0,0,1,0,1,0,0,0,0,1,0,0,895
0,1,1,0,0,1,1,1,0,1,1,1,896
0,0,0,0,1,0,1,0,1,1,0,1,897
1,1,0,1,1,0,0,1,0,1,1,1,898
1,1,1,0,0,0,1,1,0,1,1,1,899
1,0,0,0,0,0,1,1,0,1,1,0,900
0,1,1,0,0,1,1,0,1,1,1,0,901
1,0,0,0,0,0,0,0,0,1,1,1,902
0,0,0,0,0,1,0,1,0,1,0,0,903
0,0,1,0,1,0,1,0,1,1,0,1,904
0,0,0,0,0,0,0,1,1,1,1,0,905
1,0,1,1,0,0,0,0,0,1,0,0,906
0,1,0,1,1,1,1,0,1,1,0,1,907
1,1,1,1,0,1,0,0,1,1,1,1,908
0,0,0,0,0,0,1,1,1,1,1,0,909
0,0,1,1,0,0,0,0,0,1,1,0,910
1,1,0,1,0,0,0,0,0,1,1,1,911
0,0,0,1,0,1,0,0,0,1,1,0,912
0,1,1,0,1,0,0,0,1,0,1,0,913
1,1,1,1,0,0,0,1,1,0,0,0,914
1,0,1,1,1,0,0,1,1,0,0,0,915
1,1,1,1,0,0,0,1,0,0,1,1,916
1,0,1,0,0,1,1,1,1,0,1,1,917
0,1,1,0,0,1,1,1,0,0,1,1,918
1,1,0,1,1,0,0,1,0,0,1,1,919
0,0,1,1,1,1,0,0,1,0,0,0,920
1,1,1,0,0,0,1,1,0,0,1,1,921
0,1,1,0,0,1,1,0,1,0,1,0,922
0,0,1,0,1,0,1,0,1,0,0,1,923
0,1,1,1,1,1,1,1,1,0,1,1,924
1,0,0,0,0,1,1,0,0,0,1,0,925
1,0,0,0,0,0,1,0,1,0,1,0,926
0,0,0,1,1,1,1,1,1,0,1,0,927
1,1,1,1,0,1,0,0,1,0,1,1,928
0,0,0,0,0,0,1,1,1,0,1,0,929
0,1,1,1,1,1,0,1,1,0,0,0,930
1,1,0,1,0,0,0,0,0,0,1,1,931
0,1,1,0,1,1,1,1,1,0,1,1,932
0,0,1,0,1,1,0,1,0,1,1,0,933
1,1,0,0,0,1,1,1,1,1,1,0,934
1,1,1,1,0,0,0,1,1,1,1,0,935
0,1,0,0,1,1,0,0,0,1,1,0,936
1,1,0,1,0,0,0,0,0,1,1,0,937
0,1,1,0,1,0,0,1,1,1,1,0,938
0,0,0,0,0,1,1,0,1,0,1,0,939
1,0,0,1,1,0,0,1,1,1,1,0,940
1,0,0,1,0,0,1,0,0,1,1,1,941
0,1,1,1,0,1,1,1,1,0,1,0,942
0,0,1,0,0,0,1,0,0,0,1,0,943
1,1,0,0,0,0,0,1,1,1,1,0,944
1,1,0,1,1,0,0,0,0,1,1,0,945
1,1,1,0,0,1,1,1,1,0,1,0,946
0,0,0,1,1,0,0,0,0,1,1,0,947
1,0,0,0,1,1,1,0,0,1,1,1,948
0,1,1,1,1,0,0,0,1,1,1,1,949
1,1,0,1,1,1,1,0,0,1,1,1,950
0,0,0,0,0,0,0,0,0,1,1,1,951
0,0,1,1,1,0,0,1,1,1,1,0,952
0,0,0,1,0,0,0,0,0,1,1,0,953
0,1,1,1,1,0,1,0,1,1,1,1,954
0,1,1,0,0,1,1,1,1,0,1,0,955
0,1,1,0,1,1,1,1,1,0,0,1,956
0,0,1,0,1,1,0,1,0,1,0,0,957
1,1,0,0,0,1,1,1,1,1,0,0,958
0,1,0,0,1,1,0,0,0,1,0,0,959
1,1,0,1,0,0,0,0,0,1,0,0,960
0,1,1,0,1,0,0,1,1,1,0,0,961
0,0,0,0,0,1,1,0,1,0,0,0,962
0,0,1,0,0,1,1,1,1,0,0,0,963
1,0,0,1,0,0,1,0,0,1,0,1,964
0,1,1,1,0,1,1,1,1,0,0,0,965
0,0,0,0,0,1,1,0,0,1,0,0,966
1,1,0,0,0,0,0,1,1,1,0,0,967
1,1,0,1,1,0,0,0,0,1,0,0,968
1,1,1,0,0,1,1,1,1,1,0,0,969
1,1,1,1,1,1,1,1,0,0,0,0,970
1,1,1,0,0,1,1,1,1,0,0,0,971
1,0,0,0,0,0,0,0,0,1,0,1,972
0,0,0,1,1,0,0,0,0,1,0,0,973
1,0,0,0,1,1,1,0,0,1,0,1,974
0,1,1,1,1,0,0,0,1,1,0,1,975
1,1,0,1,1,1,1,0,0,1,0,1,976
1,0,0,0,0,0,0,1,0,1,0,0,977
0,0,1,1,1,0,0,1,1,1,0,0,978
0,0,1,0,0,1,0,0,1,0,0,0,979
0,1,1,1,1,0,1,0,1,1,0,1,980
0,1,1,0,0,1,1,1,1,0,0,0,981
0,1,1,1,1,0,1,0,0,1,0,1,982
0,0,0,0,0,0,0,1,1,1,1,1,983
0,0,0,0,1,1,1,1,1,0,0,1,984
1,1,0,0,0,0,0,0,0,0,0,1,985
1,0,0,0,0,0,0,1,1,0,0,1,986
1,1,0,1,1,0,0,0,0,1,1,1,987
0,1,1,1,1,1,1,0,0,0,0,1,988
1,0,1,0,1,1,1,1,1,1,1,1,989
1,1,1,1,0,0,1,0,0,1,0,1,990
0,1,0,0,1,0,0,0,0,1,1,1,991
0,0,0,1,1,1,0,1,0,0,1,1,992
1,0,0,1,1,1,1,0,1,0,1,1,993
0,0,0,0,0,1,1,1,1,0,0,1,994
1,1,0,0,1,1,0,1,1,1,0,1,995
0,1,1,1,1,1,1,0,1,0,0,1,996
0,0,0,1,0,0,0,1,0,0,0,1,997
1,0,1,1,0,1,0,0,0,0,0,1,998
1,0,0,0,1,0,0,0,1,1,0,1,999
1,0,0,0,0,1,1,0,0,0,1,1,1000
0,1,1,1,1,0,1,0,0,1,0,0,1001
1,1,0,1,1,0,0,1,0,0,1,0,1002
1,0,0,0,0,0,0,1,1,0,0,0,1003
0,1,1,1,1,1,1,0,0,0,0,0,1004
1,1,1,1,0,0,1,0,0,1,0,0,1005
0,1,0,0,1,0,0,0,0,1,1,0,1006
0,0,0,1,1,1,0,1,0,0,1,0,1007
1,0,0,1,1,1,1,0,1,0,1,0,1008
0,0,0,0,0,1,1,1,1,0,0,0,1009
1,1,0,0,1,1,0,1,1,1,0,0,1010
