n_samples,n_features,sg_mean,sg_cardinality,sg_rule,best_rule,best_rule_idx,f1,precision,recall,seed,runtime
1000,25,24485.129064536373,152,X_17==0 AND X_7==0 AND X_14==1 AND X_16==1,X_11==1 AND X_14==0 AND X_17==0 AND X_19==0 AND X_20==1 AND X_21==0 AND X_5==1,0,0.0,0.0,0.0,0,63.74810743331909
3000,25,36476.22280442843,311,X_4==2 AND X_2==1 AND X_1==16 AND X_20==1,X_1==16 AND X_20==1 AND X_2==1 AND X_4==2,0,1.0,1.0,1.0,0,299.8181505203247
10000,25,42028.9499322364,1096,X_19==1 AND X_3==16 AND X_22==1 AND X_1==2,X_19==1 AND X_1==2 AND X_22==1 AND X_3==16,0,1.0,1.0,1.0,0,23.960225582122803
30000,25,43139.924132058615,4716,X_10==1 AND X_12==1 AND X_23==0 AND X_22==0,X_10==1 AND X_12==1 AND X_22==0 AND X_23==0,0,1.0,1.0,1.0,0,53.464730978012085
1000,25,29421.22362371073,120,X_22==1 AND X_4==2 AND X_8==0 AND X_6==0,X_11==0 AND X_12==0 AND X_14==1 AND X_16==1 AND X_21==1 AND X_22==0,0,0.0,0.0,0.0,1,51.25377583503723
3000,25,24776.57094035733,327,X_23==1 AND X_2==16 AND X_0==4 AND X_5==1,X_11==0 AND X_13==0 AND X_16==0 AND X_1==1 AND X_21==1 AND X_6==0,3,0.0115606936416184,0.1052631578947368,0.0061162079510703,1,648.2546277046204
10000,25,34606.18756645157,1557,X_20==1 AND X_5==0 AND X_9==0 AND X_14==0,X_14==0 AND X_20==1 AND X_5==0 AND X_9==0,0,1.0,1.0,1.0,1,5546.747928142548
1000,25,44207.82989155349,120,X_11==0 AND X_22==0 AND X_7==1 AND X_0==2,X_0==2 AND X_11==0 AND X_22==0 AND X_7==1,0,1.0,1.0,1.0,10,3.5214879512786865
3000,25,42963.79830288192,380,X_16==0 AND X_14==0 AND X_4==2 AND X_17==1,X_14==0 AND X_16==0 AND X_17==1 AND X_4==2,0,1.0,1.0,1.0,10,9.075242519378662
10000,25,35808.512495348645,1256,X_19==0 AND X_3==1 AND X_12==0 AND X_16==1,X_12==0 AND X_16==1 AND X_19==0 AND X_3==1,0,1.0,1.0,1.0,10,2492.909463644028
1000,25,42738.25831529937,153,X_20==0 AND X_21==1 AND X_10==0 AND X_17==1,X_10==0 AND X_17==1 AND X_20==0 AND X_21==1,0,1.0,1.0,1.0,11,7.754470586776733
3000,25,42286.83026169829,452,X_23==1 AND X_14==1 AND X_18==1 AND X_19==1,X_14==1 AND X_18==1 AND X_19==1 AND X_23==1,0,1.0,1.0,1.0,11,15.996243000030518
10000,25,30599.688786239712,1234,X_10==1 AND X_13==1 AND X_1==8 AND X_9==1,X_0==8 AND X_12==1 AND X_19==1 AND X_1==1 AND X_2==8 AND X_6==0,0,0.0,0.0,0.0,11,6323.041400194168
1000,25,39638.59248805217,152,X_18==0 AND X_20==1 AND X_24==1 AND X_10==0,X_10==0 AND X_18==0 AND X_20==1 AND X_24==1,0,1.0,1.0,1.0,12,28.14160680770874
3000,25,46777.36600679914,465,X_13==1 AND X_8==0 AND X_5==0 AND X_21==1,X_13==1 AND X_21==1 AND X_5==0 AND X_8==0,0,1.0,1.0,1.0,12,3.759049892425537
10000,25,25900.74611782012,1584,X_14==0 AND X_22==0 AND X_15==0 AND X_9==0,X_14==1,0,0.0,0.0,0.0,12,6135.832587242127
1000,25,44748.78835573885,109,X_0==8 AND X_17==1 AND X_3==1 AND X_18==0,X_0==8 AND X_17==1 AND X_18==0 AND X_3==1,0,1.0,1.0,1.0,13,5.435711145401001
3000,25,31805.98933934734,363,X_2==2 AND X_21==1 AND X_10==1 AND X_7==1,X_10==0 AND X_12==1 AND X_13==1 AND X_15==0 AND X_24==1 AND X_2==2 AND X_7==0,0,0.0,0.0,0.0,13,566.6387119293213
10000,25,32377.477329761125,1242,X_22==1 AND X_1==4 AND X_12==0 AND X_7==0,X_10==1 AND X_19==0 AND X_1==1 AND X_24==0 AND X_4==1 AND X_5==1 AND X_7==0,0,0.0,0.0,0.0,13,6961.059999704361
30000,25,43253.35257739106,4686,X_17==1 AND X_18==1 AND X_6==0 AND X_5==1,X_17==1 AND X_18==1 AND X_5==1 AND X_6==0,0,1.0,1.0,1.0,13,36.279871225357056
100000,25,37051.3397851358,12258,X_19==0 AND X_9==1 AND X_4==2 AND X_13==1,X_13==1 AND X_19==0 AND X_4==2 AND X_9==1,0,1.0,1.0,1.0,13,7392.241896152496
1000,25,28191.87266219757,123,X_13==1 AND X_9==0 AND X_4==8 AND X_12==0,X_12==1 AND X_14==0 AND X_15==1 AND X_17==0 AND X_20==0 AND X_24==1 AND X_6==1,0,0.0,0.0,0.0,14,72.31620597839355
3000,25,40621.63653528085,473,X_8==1 AND X_5==0 AND X_10==1 AND X_16==1,X_10==1 AND X_16==1 AND X_5==0 AND X_8==1,0,1.0,1.0,1.0,14,30.11227822303772
10000,25,29527.00057471201,1230,X_18==1 AND X_1==4 AND X_9==1 AND X_14==0,X_15==1 AND X_16==1 AND X_21==0 AND X_24==0 AND X_3==4 AND X_5==0 AND X_7==0 AND X_9==0,0,0.0,0.0,0.0,14,7452.265622377396
30000,25,38643.19430756691,4674,X_24==0 AND X_16==0 AND X_20==0 AND X_23==1,X_16==0 AND X_20==0 AND X_23==1 AND X_24==0,0,1.0,1.0,1.0,14,524.9939949512482
1000,25,24801.42827034229,145,X_6==1 AND X_11==0 AND X_10==0 AND X_14==1,X_10==0 AND X_11==1 AND X_16==1 AND X_5==1 AND X_6==0 AND X_7==0 AND X_9==1,0,0.0,0.0,0.0,15,66.70854330062866
3000,25,44747.462959639015,372,X_15==1 AND X_7==0 AND X_1==8 AND X_12==1,X_12==1 AND X_15==1 AND X_1==8 AND X_7==0,0,1.0,1.0,1.0,15,5.603399991989136
10000,25,28367.52527052757,1234,X_6==0 AND X_18==0 AND X_1==16 AND X_16==1,X_13==0 AND X_1==16 AND X_21==1 AND X_24==1 AND X_4==16 AND X_5==0 AND X_6==1,0,0.0,0.0,0.0,15,6780.560015201569
1000,25,42388.350921916055,109,X_23==0 AND X_0==4 AND X_7==0 AND X_1==4,X_0==4 AND X_1==4 AND X_23==0 AND X_7==0,0,1.0,1.0,1.0,16,5.090847492218018
3000,25,38817.175896189,364,X_8==1 AND X_17==1 AND X_21==1 AND X_2==1,X_17==1 AND X_21==1 AND X_2==1 AND X_8==1,0,1.0,1.0,1.0,16,70.7995924949646
10000,25,41755.35627891678,1096,X_4==4 AND X_22==1 AND X_3==16 AND X_21==1,X_21==1 AND X_22==1 AND X_3==16 AND X_4==4,0,1.0,1.0,1.0,16,39.75636792182922
1000,25,27229.374357655728,151,X_24==0 AND X_12==0 AND X_11==0 AND X_22==0,X_10==0 AND X_14==1 AND X_18==0 AND X_19==0 AND X_22==1 AND X_24==0 AND X_5==0,0,0.0,0.0,0.0,17,60.42738175392151
3000,25,43740.264190835245,379,X_3==8 AND X_8==0 AND X_9==1 AND X_20==1,X_20==1 AND X_3==8 AND X_8==0 AND X_9==1,0,1.0,1.0,1.0,17,10.53325343132019
10000,25,39522.05480588167,1571,X_11==0 AND X_16==1 AND X_18==1 AND X_7==1,X_11==0 AND X_16==1 AND X_18==1 AND X_7==1,0,1.0,1.0,1.0,17,133.14273619651794
1000,25,26066.436723114963,121,X_7==0 AND X_20==0 AND X_1==16 AND X_11==0,X_10==1 AND X_11==0 AND X_15==1 AND X_20==1 AND X_24==1 AND X_8==0,0,0.0,0.0,0.0,18,60.37056589126587
3000,25,43433.95079652825,372,X_24==0 AND X_2==2 AND X_23==1 AND X_14==1,X_14==1 AND X_23==1 AND X_24==0 AND X_2==2,0,1.0,1.0,1.0,18,8.317439556121826
10000,25,33350.65708094204,1520,X_15==0 AND X_10==0 AND X_11==0 AND X_17==0,X_11==1 AND X_17==0 AND X_18==0 AND X_24==0 AND X_2==4 AND X_5==1 AND X_9==1,0,0.0,0.0,0.0,18,6590.539988040924
1000,25,40645.05769121031,110,X_11==1 AND X_4==4 AND X_1==1 AND X_5==1,X_11==1 AND X_1==1 AND X_4==4 AND X_5==1,1,1.0,1.0,1.0,19,9.341469764709473
3000,25,46082.62235993666,370,X_23==0 AND X_14==0 AND X_19==0 AND X_2==1,X_14==0 AND X_19==0 AND X_23==0 AND X_2==1,0,1.0,1.0,1.0,19,3.012298822402954
10000,25,29648.017239895136,1226,X_3==16 AND X_19==0 AND X_16==1 AND X_15==0,X_10==1 AND X_12==1 AND X_14==1 AND X_15==1 AND X_19==1 AND X_22==0 AND X_4==16,0,0.0,0.0,0.0,19,6765.951474189758
30000,25,40218.855794113246,3679,X_8==1 AND X_3==8 AND X_23==0 AND X_6==0,X_23==0 AND X_3==8 AND X_6==0 AND X_8==1,0,1.0,1.0,1.0,19,136.4176516532898
1000,25,48295.71846527881,149,X_6==0 AND X_13==0 AND X_23==0 AND X_8==1,X_13==0 AND X_23==0 AND X_6==0 AND X_8==1,0,1.0,1.0,1.0,2,1.3896856307983398
3000,25,32706.69335197581,326,X_4==1 AND X_14==0 AND X_16==0 AND X_3==8,X_0==1 AND X_12==1 AND X_19==1 AND X_23==1 AND X_24==0 AND X_6==1,0,0.0058823529411764,0.0714285714285714,0.0030674846625766,2,563.4489789009094
10000,25,25230.58203545677,1594,X_16==0 AND X_10==1 AND X_12==1 AND X_9==1,X_12==0,0,0.0,0.0,0.0,2,5507.616180181503
30000,25,46781.46092055536,3255,X_0==1 AND X_4==1 AND X_15==1 AND X_18==1,X_0==1 AND X_15==1 AND X_18==1 AND X_4==1,0,1.0,1.0,1.0,2,4.601607084274292
100000,25,45610.76026166539,15653,X_17==0 AND X_9==1 AND X_20==1 AND X_23==1,X_17==0 AND X_20==1 AND X_23==1 AND X_9==1,0,1.0,1.0,1.0,2,81.67731165885925
1000,25,35178.67775972392,161,X_15==1 AND X_17==1 AND X_22==0 AND X_16==1,X_10==1 AND X_11==1 AND X_17==1 AND X_19==1 AND X_23==0 AND X_5==1,1,0.0116279069767441,0.0909090909090909,0.0062111801242236,20,49.804388999938965
3000,25,29506.249097906453,357,X_17==0 AND X_1==1 AND X_11==1 AND X_16==1,X_10==0 AND X_15==1 AND X_21==1 AND X_23==0 AND X_24==0 AND X_5==0 AND X_8==0 AND X_9==1,0,0.0,0.0,0.0,20,641.1720414161682
10000,25,27114.202240630635,1191,X_23==1 AND X_2==16 AND X_12==1 AND X_17==0,X_0==16 AND X_11==1 AND X_16==1 AND X_17==1 AND X_19==0 AND X_23==0 AND X_4==1,0,0.0,0.0,0.0,20,6610.988823890686
30000,25,41952.69884751255,3695,X_20==1 AND X_1==8 AND X_24==0 AND X_5==1,X_1==8 AND X_20==1 AND X_24==0 AND X_5==1,0,1.0,1.0,1.0,20,486.0726647377014
1000,25,44825.84388963917,104,X_15==1 AND X_20==0 AND X_3==8 AND X_1==2,X_15==1 AND X_1==2 AND X_20==0 AND X_3==8,0,1.0,1.0,1.0,21,1.4844260215759275
3000,25,26797.38533703441,321,X_2==2 AND X_1==4 AND X_15==0 AND X_11==1,X_13==1 AND X_14==1 AND X_17==1 AND X_21==1 AND X_3==8 AND X_5==0 AND X_8==0,0,0.0,0.0,0.0,21,697.8678820133209
10000,25,30512.09917717696,1240,X_0==2 AND X_6==0 AND X_23==0 AND X_22==0,X_0==16 AND X_10==0 AND X_11==1 AND X_14==0 AND X_16==0 AND X_20==0 AND X_21==0 AND X_6==0,0,0.0,0.0,0.0,21,7312.234627723694
1000,25,38535.565954826045,127,X_18==0 AND X_5==1 AND X_11==0 AND X_2==8,X_11==0 AND X_18==0 AND X_2==8 AND X_5==1,0,1.0,1.0,1.0,22,27.44587874412537
3000,25,43720.07148337238,378,X_18==1 AND X_4==2 AND X_21==1 AND X_9==1,X_18==1 AND X_21==1 AND X_4==2 AND X_9==1,0,1.0,1.0,1.0,22,8.443260669708252
10000,25,23777.99845673156,1250,X_3==4 AND X_13==1 AND X_16==0 AND X_20==0,X_16==1,0,0.0,0.0,0.0,22,6428.953904867172
30000,25,44517.80721850491,4658,X_23==0 AND X_11==0 AND X_7==1 AND X_13==1,X_11==0 AND X_13==1 AND X_23==0 AND X_7==1,0,1.0,1.0,1.0,22,36.78095555305481
1000,25,31553.594941862637,122,X_9==0 AND X_15==0 AND X_2==1 AND X_23==0,X_10==1 AND X_11==1 AND X_15==1 AND X_20==0 AND X_7==1 AND X_9==1,0,0.0,0.0,0.0,23,63.98137879371643
3000,25,42277.02180036821,330,X_0==4 AND X_12==1 AND X_21==0 AND X_2==2,X_0==4 AND X_12==1 AND X_21==0 AND X_2==2,0,1.0,1.0,1.0,23,34.86964440345764
10000,25,35303.19910712855,1224,X_9==0 AND X_0==1 AND X_12==0 AND X_16==0,X_0==1 AND X_12==0 AND X_16==0 AND X_9==0,0,1.0,1.0,1.0,23,1144.726574420929
30000,25,42602.945974861,4666,X_21==0 AND X_6==1 AND X_16==0 AND X_15==1,X_15==1 AND X_16==0 AND X_21==0 AND X_6==1,0,1.0,1.0,1.0,23,60.90820908546448
100000,25,44852.54531056924,15693,X_14==0 AND X_21==0 AND X_11==1 AND X_23==0,X_11==1 AND X_14==0 AND X_21==0 AND X_23==0,0,1.0,1.0,1.0,23,102.46800351142883
1000,25,25474.886640333,155,X_23==0 AND X_16==1 AND X_19==0 AND X_24==0,X_15==0 AND X_19==0 AND X_23==1 AND X_6==1 AND X_7==0 AND X_8==0,0,0.0,0.0,0.0,24,66.92802333831787
3000,25,25945.538246957127,450,X_15==1 AND X_16==1 AND X_17==0 AND X_20==0,X_0==8 AND X_12==1 AND X_15==1 AND X_16==0 AND X_22==1 AND X_5==0,0,0.0,0.0,0.0,24,454.8064625263214
10000,25,47312.78728389652,1205,X_4==8 AND X_20==0 AND X_7==1 AND X_10==1,X_10==1 AND X_20==0 AND X_4==8 AND X_7==1,0,1.0,1.0,1.0,24,5.822390794754028
30000,25,35825.066110266875,3719,X_3==2 AND X_14==1 AND X_12==0 AND X_17==1,X_12==0 AND X_14==1 AND X_17==1 AND X_3==2,0,1.0,1.0,1.0,24,6437.089287996292
1000,25,26257.62072003863,159,X_8==1 AND X_9==0 AND X_7==1 AND X_24==1,X_10==1 AND X_13==1 AND X_14==1 AND X_16==1 AND X_22==0 AND X_5==1 AND X_7==0,0,0.0,0.0,0.0,25,57.11049795150757
3000,25,43494.50321165476,376,X_7==0 AND X_5==1 AND X_11==1 AND X_2==2,X_11==1 AND X_2==2 AND X_5==1 AND X_7==0,0,1.0,1.0,1.0,25,8.59982442855835
10000,25,37756.64091891174,1552,X_8==1 AND X_6==0 AND X_18==0 AND X_7==1,X_18==0 AND X_6==0 AND X_7==1 AND X_8==1,0,1.0,1.0,1.0,25,525.6965003013611
30000,25,41867.74132695562,4733,X_21==0 AND X_6==1 AND X_20==0 AND X_15==0,X_15==0 AND X_20==0 AND X_21==0 AND X_6==1,0,1.0,1.0,1.0,25,74.6620831489563
100000,25,40621.75622847252,10936,X_9==0 AND X_2==2 AND X_1==2 AND X_5==1,X_1==2 AND X_2==2 AND X_5==1 AND X_9==0,0,1.0,1.0,1.0,25,1952.413100719452
1000,25,25580.367690991705,125,X_5==0 AND X_1==1 AND X_12==0 AND X_17==0,X_14==0 AND X_15==0 AND X_17==1 AND X_19==1 AND X_23==1 AND X_6==0,0,0.0,0.0,0.0,26,47.51175713539124
3000,25,47465.60869577033,365,X_0==1 AND X_12==1 AND X_16==0 AND X_23==0,X_0==1 AND X_12==1 AND X_16==0 AND X_23==0,0,1.0,1.0,1.0,26,1.163501501083374
10000,25,41053.69901078725,1234,X_8==0 AND X_18==1 AND X_1==4 AND X_14==1,X_14==1 AND X_18==1 AND X_1==4 AND X_8==0,0,1.0,1.0,1.0,26,38.6490912437439
1000,25,41545.57723066244,155,X_21==1 AND X_9==1 AND X_12==1 AND X_19==1,X_12==1 AND X_19==1 AND X_21==1 AND X_9==1,0,1.0,1.0,1.0,27,11.07197380065918
3000,25,35379.471831268624,446,X_7==1 AND X_18==1 AND X_14==1 AND X_10==1,X_10==1 AND X_14==1 AND X_18==1 AND X_7==1,0,1.0,1.0,1.0,27,527.8274209499359
10000,25,29801.21193427487,1092,X_4==8 AND X_13==0 AND X_9==0 AND X_3==8,X_13==0 AND X_16==0 AND X_18==1 AND X_3==16 AND X_5==0 AND X_8==1,0,0.0,0.0,0.0,27,7037.199971675873
30000,25,37113.50882171084,3742,X_12==1 AND X_14==1 AND X_4==2 AND X_16==1,X_12==1 AND X_14==1 AND X_16==1 AND X_4==2,0,1.0,1.0,1.0,27,2375.823257446289
1000,25,42616.63922705736,152,X_22==0 AND X_12==0 AND X_11==1 AND X_10==1,X_10==1 AND X_11==1 AND X_12==0 AND X_22==0,0,1.0,1.0,1.0,28,11.56990098953247
3000,25,36902.30045171271,363,X_4==1 AND X_19==1 AND X_10==0 AND X_8==1,X_10==0 AND X_19==1 AND X_4==1 AND X_8==1,0,1.0,1.0,1.0,28,295.66164565086365
10000,25,25801.70298865064,1544,X_24==0 AND X_23==1 AND X_15==1 AND X_13==1,X_24==1,0,0.0,0.0,0.0,28,5620.36981844902
30000,25,38420.0811593566,3695,X_11==0 AND X_2==2 AND X_6==1 AND X_8==1,X_11==0 AND X_2==2 AND X_6==1 AND X_8==1,0,1.0,1.0,1.0,28,369.7350707054138
100000,25,39636.66871427678,15530,X_17==0 AND X_13==1 AND X_18==0 AND X_5==1,X_13==1 AND X_17==0 AND X_18==0 AND X_5==1,0,1.0,1.0,1.0,28,617.3219742774963
300000,25,45581.436184407576,47053,X_6==0 AND X_18==1 AND X_14==1 AND X_13==1,X_13==1 AND X_14==1 AND X_18==1 AND X_6==0,0,1.0,1.0,1.0,28,208.9041323661804
1000,25,39240.81114234119,168,X_16==0 AND X_23==0 AND X_22==0 AND X_12==1,X_12==1 AND X_16==0 AND X_22==0 AND X_23==0,0,1.0,1.0,1.0,29,49.23141074180603
3000,25,23529.02634084125,371,X_2==1 AND X_16==1 AND X_15==1 AND X_5==0,X_0==4 AND X_16==1 AND X_19==1 AND X_20==0 AND X_22==0,3,0.0148514851485148,0.0909090909090909,0.0080862533692722,29,685.9929778575897
10000,25,39780.18642099373,1100,X_3==8 AND X_8==0 AND X_1==8 AND X_11==0,X_11==0 AND X_1==8 AND X_3==8 AND X_8==0,0,1.0,1.0,1.0,29,91.10484170913696
30000,25,45401.252798224494,3675,X_4==4 AND X_10==0 AND X_13==1 AND X_21==0,X_10==0 AND X_13==1 AND X_21==0 AND X_4==4,0,1.0,1.0,1.0,29,21.749191284179688
100000,25,40998.10583517748,15606,X_24==0 AND X_14==1 AND X_23==0 AND X_11==1,X_11==1 AND X_14==1 AND X_23==0 AND X_24==0,0,1.0,1.0,1.0,29,458.0729613304138
300000,25,36742.78028036865,36779,X_11==1 AND X_5==1 AND X_6==0 AND X_2==2,X_11==1 AND X_2==2 AND X_5==1 AND X_6==0,0,1.0,1.0,1.0,29,13627.116177082062
1000,25,29284.739611519784,160,X_8==0 AND X_5==1 AND X_12==1 AND X_7==0,X_0==1 AND X_16==0 AND X_20==0 AND X_23==0 AND X_4==4,3,0.0117647058823529,0.1,0.00625,3,43.447697162628174
3000,25,44564.21257652553,374,X_18==0 AND X_19==0 AND X_3==8 AND X_8==1,X_18==0 AND X_19==0 AND X_3==8 AND X_8==1,0,1.0,1.0,1.0,3,5.739446640014648
10000,25,39468.16400672426,1229,X_4==4 AND X_12==1 AND X_6==1 AND X_11==1,X_11==1 AND X_12==1 AND X_4==4 AND X_6==1,0,1.0,1.0,1.0,3,144.94617915153503
30000,25,40870.541754755024,3656,X_10==1 AND X_0==16 AND X_22==0 AND X_8==0,X_0==16 AND X_10==1 AND X_22==0 AND X_8==0,0,1.0,1.0,1.0,3,11478.171241521835
1000,25,35333.82251099382,128,X_23==0 AND X_24==0 AND X_2==2 AND X_10==0,X_15==1 AND X_16==1 AND X_19==0 AND X_24==0 AND X_6==0 AND X_9==0,1,0.0547945205479452,0.2222222222222222,0.03125,30,85.57713222503662
3000,25,24871.75583931957,327,X_2==16 AND X_8==1 AND X_17==0 AND X_3==1,X_11==0 AND X_21==1 AND X_23==1 AND X_24==0 AND X_5==1 AND X_8==0,0,0.0,0.0,0.0,30,724.6371059417725
10000,25,32051.35449907096,1221,X_18==0 AND X_15==0 AND X_3==1 AND X_24==0,X_0==4 AND X_15==1 AND X_16==0 AND X_17==1 AND X_18==1 AND X_19==1 AND X_20==0 AND X_22==1,0,0.0,0.0,0.0,30,8325.694292068481
1000,25,48017.80686039684,141,X_7==1 AND X_20==1 AND X_19==0 AND X_12==0,X_12==0 AND X_19==0 AND X_20==1 AND X_7==1,0,1.0,1.0,1.0,31,2.304886102676392
3000,25,45103.02579217838,327,X_3==2 AND X_21==0 AND X_8==0 AND X_1==4,X_1==4 AND X_21==0 AND X_3==2 AND X_8==0,0,1.0,1.0,1.0,31,4.04285192489624
10000,25,26965.18489114483,1080,X_9==1 AND X_4==8 AND X_3==1 AND X_14==1,X_0==4 AND X_1==2 AND X_23==1 AND X_4==1 AND X_9==1,0,0.0,0.0,0.0,31,7939.340180158615
30000,25,48003.171416058656,4684,X_23==0 AND X_9==0 AND X_5==0 AND X_20==1,X_20==1 AND X_23==0 AND X_5==0 AND X_9==0,0,1.0,1.0,1.0,31,11.41017770767212
100000,25,43126.9066857861,12388,X_11==1 AND X_18==1 AND X_3==2 AND X_19==1,X_11==1 AND X_18==1 AND X_19==1 AND X_3==2,0,1.0,1.0,1.0,31,119.36713361740112
300000,25,42005.71351061841,47045,X_23==1 AND X_11==0 AND X_15==1 AND X_18==0,X_11==0 AND X_15==1 AND X_18==0 AND X_23==1,0,1.0,1.0,1.0,31,721.4329471588135
1000,25,35610.074910756186,157,X_23==1 AND X_21==0 AND X_11==0 AND X_10==0,X_12==1 AND X_15==0 AND X_16==0 AND X_17==1 AND X_2==1 AND X_6==1,3,0.0119760479041916,0.1,0.0063694267515923,32,89.94873476028442
3000,25,32768.01678142996,435,X_24==0 AND X_17==1 AND X_20==1 AND X_15==0,X_12==1 AND X_14==1 AND X_17==0 AND X_1==8 AND X_5==0,0,0.0,0.0,0.0,32,927.0731530189514
10000,25,35268.445289066345,1221,X_4==8 AND X_7==0 AND X_12==0 AND X_20==0,X_12==0 AND X_20==0 AND X_4==8 AND X_7==0,0,1.0,1.0,1.0,32,6311.773792982101
1000,25,42947.101712127136,155,X_17==1 AND X_22==1 AND X_5==1 AND X_21==1,X_17==1 AND X_21==1 AND X_22==1 AND X_5==1,0,1.0,1.0,1.0,33,7.455201625823975
3000,25,26619.27339050517,365,X_1==2 AND X_24==1 AND X_21==0 AND X_19==0,X_0==8 AND X_13==1 AND X_20==0 AND X_22==1 AND X_6==0 AND X_8==0,0,0.0,0.0,0.0,33,787.3714892864227
10000,25,37675.69091850936,1586,X_18==0 AND X_19==1 AND X_7==1 AND X_13==0,X_13==0 AND X_18==0 AND X_19==1 AND X_7==1,0,1.0,1.0,1.0,33,615.9385199546814
30000,25,45865.01607302148,4721,X_14==1 AND X_7==0 AND X_5==1 AND X_15==1,X_14==1 AND X_15==1 AND X_5==1 AND X_7==0,0,1.0,1.0,1.0,33,18.959322690963745
1000,25,33447.495842271244,124,X_6==0 AND X_9==0 AND X_1==4 AND X_18==1,X_10==0 AND X_15==0 AND X_16==0 AND X_19==0 AND X_24==1 AND X_5==1 AND X_7==0,0,0.0,0.0,0.0,34,93.44033908843994
3000,25,40556.12121667503,368,X_14==0 AND X_24==1 AND X_1==2 AND X_15==1,X_14==0 AND X_15==1 AND X_1==2 AND X_24==1,0,1.0,1.0,1.0,34,23.806630849838257
10000,25,24013.91356479674,1223,X_24==0 AND X_13==1 AND X_2==4 AND X_11==0,X_13==0,0,0.0,0.0,0.0,34,8777.942193508148
30000,25,36496.167517941125,3599,X_24==1 AND X_20==0 AND X_11==1 AND X_3==8,X_11==1 AND X_20==0 AND X_24==1 AND X_3==8,0,1.0,1.0,1.0,34,3974.4808583259583
1000,25,29831.720015981213,105,X_10==1 AND X_4==1 AND X_0==4 AND X_15==1,X_10==0 AND X_11==0 AND X_19==1 AND X_3==8 AND X_5==1 AND X_6==0,0,0.0,0.0,0.0,35,73.72886919975281
3000,25,46964.46539147148,371,X_7==1 AND X_24==0 AND X_20==0 AND X_2==1,X_20==0 AND X_24==0 AND X_2==1 AND X_7==1,0,1.0,1.0,1.0,35,3.5994105339050293
10000,25,40958.75387498036,1214,X_6==1 AND X_2==2 AND X_13==1 AND X_14==1,X_13==1 AND X_14==1 AND X_2==2 AND X_6==1,0,1.0,1.0,1.0,35,50.82128572463989
30000,25,37100.003663177566,3698,X_12==1 AND X_5==1 AND X_16==1 AND X_0==2,X_0==2 AND X_12==1 AND X_16==1 AND X_5==1,0,1.0,1.0,1.0,35,4012.77184343338
100000,25,40544.7044895888,12157,X_24==0 AND X_2==8 AND X_22==0 AND X_18==1,X_18==1 AND X_22==0 AND X_24==0 AND X_2==8,0,1.0,1.0,1.0,35,589.3818466663361
1000,25,30580.746755763445,116,X_18==1 AND X_4==4 AND X_16==0 AND X_24==1,X_14==1 AND X_15==0 AND X_16==1 AND X_21==0 AND X_7==0 AND X_8==0,0,0.0,0.0,0.0,36,79.15550422668457
3000,25,41919.947084992586,383,X_4==1 AND X_7==1 AND X_12==1 AND X_23==1,X_12==1 AND X_23==1 AND X_4==1 AND X_7==1,0,1.0,1.0,1.0,36,21.9811270236969
10000,25,32044.789058394213,1109,X_2==4 AND X_7==0 AND X_0==8 AND X_13==1,X_14==1 AND X_17==0 AND X_18==0 AND X_22==1 AND X_3==1 AND X_4==16 AND X_9==0,0,0.0,0.0,0.0,36,8553.451774835587
1000,25,33719.204843444466,166,X_15==0 AND X_5==1 AND X_20==1 AND X_9==0,X_11==0 AND X_17==1 AND X_18==0 AND X_23==0 AND X_2==16 AND X_9==1,0,0.0,0.0,0.0,37,66.74571132659912
3000,25,34283.67159014088,467,X_10==0 AND X_17==1 AND X_19==1 AND X_5==0,X_12==0 AND X_20==1 AND X_23==1 AND X_24==0 AND X_6==0 AND X_8==1 AND X_9==0,1,0.0121457489878542,0.1111111111111111,0.006423982869379,37,679.1687047481537
10000,25,37189.60008476202,1530,X_24==0 AND X_8==0 AND X_22==0 AND X_20==0,X_20==0 AND X_22==0 AND X_24==0 AND X_8==0,0,1.0,1.0,1.0,37,1139.5552623271942
30000,25,43911.772467399,4693,X_15==0 AND X_7==1 AND X_14==1 AND X_9==0,X_14==1 AND X_15==0 AND X_7==1 AND X_9==0,0,1.0,1.0,1.0,37,42.35234117507935
1000,25,38140.524504598696,120,X_8==1 AND X_2==16 AND X_12==0 AND X_6==1,X_12==0 AND X_2==16 AND X_6==1 AND X_8==1,0,1.0,1.0,1.0,38,34.2622926235199
3000,25,44956.82479622197,366,X_20==1 AND X_4==4 AND X_19==0 AND X_10==0,X_10==0 AND X_19==0 AND X_20==1 AND X_4==4,0,1.0,1.0,1.0,38,6.349123477935791
10000,25,42406.26743953569,1530,X_20==0 AND X_5==0 AND X_24==1 AND X_14==1,X_14==1 AND X_20==0 AND X_24==1 AND X_5==0,0,1.0,1.0,1.0,38,31.174172163009644
1000,25,25188.5608919051,128,X_0==1 AND X_7==1 AND X_11==1 AND X_22==0,X_11==0 AND X_15==0 AND X_16==0 AND X_24==1 AND X_9==1,0,0.0,0.0,0.0,39,60.0399956703186
3000,25,35803.27137504717,370,X_4==16 AND X_10==0 AND X_8==0 AND X_15==1,X_10==0 AND X_15==1 AND X_4==16 AND X_8==0,0,1.0,1.0,1.0,39,636.6047255992889
10000,25,31814.92433102326,1533,X_21==1 AND X_8==1 AND X_22==1 AND X_9==0,X_0==2 AND X_11==0 AND X_12==0 AND X_13==0 AND X_16==0 AND X_22==0 AND X_24==1 AND X_5==1,0,0.0,0.0,0.0,39,7530.9269025325775
30000,25,48093.46652646348,4691,X_9==0 AND X_7==1 AND X_22==1 AND X_5==1,X_22==1 AND X_5==1 AND X_7==1 AND X_9==0,0,1.0,1.0,1.0,39,11.400620698928831
1000,25,29057.16230903233,121,X_7==1 AND X_14==1 AND X_2==1 AND X_15==1,X_14==0 AND X_19==0 AND X_1==16 AND X_8==0 AND X_9==1,0,0.0,0.0,0.0,4,54.099860429763794
3000,25,25826.18992154627,490,X_23==0 AND X_18==0 AND X_15==0 AND X_21==1,X_11==0 AND X_18==1 AND X_22==0 AND X_24==0 AND X_7==1 AND X_9==1,0,0.0,0.0,0.0,4,498.75727939605713
10000,25,43487.16199296094,1225,X_4==16 AND X_21==0 AND X_23==1 AND X_10==1,X_10==1 AND X_21==0 AND X_23==1 AND X_4==16,0,1.0,1.0,1.0,4,22.12712454795837
30000,25,37665.97492852029,4739,X_17==1 AND X_18==1 AND X_20==0 AND X_10==1,X_10==1 AND X_17==1 AND X_18==1 AND X_20==0,0,1.0,1.0,1.0,4,1099.8857336044312
1000,25,41716.42178221482,124,X_12==1 AND X_11==0 AND X_24==0 AND X_2==2,X_11==0 AND X_12==1 AND X_24==0 AND X_2==2,0,1.0,1.0,1.0,40,12.625328302383425
3000,25,30050.810625098868,367,X_18==0 AND X_1==4 AND X_5==1 AND X_24==1,X_10==0 AND X_13==0 AND X_14==1 AND X_18==1 AND X_22==1 AND X_8==1,0,0.0,0.0,0.0,40,703.5952198505402
10000,25,37227.460037401484,1233,X_10==0 AND X_3==2 AND X_6==0 AND X_7==1,X_10==0 AND X_3==2 AND X_6==0 AND X_7==1,0,1.0,1.0,1.0,40,1114.8611705303192
30000,25,35605.38228471477,3680,X_19==1 AND X_18==1 AND X_22==1 AND X_4==4,X_18==1 AND X_19==1 AND X_22==1 AND X_4==4,0,1.0,1.0,1.0,40,10990.204788923264
100000,25,42781.52806852824,10894,X_23==0 AND X_4==1 AND X_21==1 AND X_1==1,X_1==1 AND X_21==1 AND X_23==0 AND X_4==1,0,1.0,1.0,1.0,40,38.75782632827759
1000,25,46780.5316509469,119,X_17==0 AND X_16==1 AND X_20==1 AND X_0==1,X_0==1 AND X_16==1 AND X_17==0 AND X_20==1,0,1.0,1.0,1.0,41,0.9793589115142822
3000,25,41796.38022611327,481,X_23==0 AND X_21==1 AND X_18==0 AND X_13==1,X_13==1 AND X_18==0 AND X_21==1 AND X_23==0,0,1.0,1.0,1.0,41,28.136388301849365
10000,25,38077.05435233947,1244,X_20==0 AND X_18==1 AND X_2==16 AND X_24==0,X_18==1 AND X_20==0 AND X_24==0 AND X_2==16,0,1.0,1.0,1.0,41,363.9758541584015
1000,25,41912.21698706276,123,X_21==1 AND X_13==0 AND X_15==0 AND X_2==8,X_13==0 AND X_15==0 AND X_21==1 AND X_2==8,0,1.0,1.0,1.0,42,7.206156015396118
3000,25,39347.37969699475,467,X_6==0 AND X_5==0 AND X_18==0 AND X_15==0,X_15==0 AND X_18==0 AND X_5==0 AND X_6==0,0,1.0,1.0,1.0,42,57.10622715950012
10000,25,23338.09825375505,1599,X_18==0 AND X_22==1 AND X_8==0 AND X_19==1,X_18==1,0,0.0,0.0,0.0,42,4628.892089605331
1000,25,37383.383446473,109,X_1==1 AND X_8==1 AND X_0==2 AND X_7==0,X_0==2 AND X_1==1 AND X_7==0 AND X_8==1,3,1.0,1.0,1.0,43,53.81351041793823
3000,25,31678.75985415907,364,X_13==1 AND X_23==1 AND X_0==4 AND X_16==1,X_10==0 AND X_21==1 AND X_2==16 AND X_4==4 AND X_6==1,3,0.0053050397877984,0.0769230769230769,0.0027472527472527,43,653.1932060718536
10000,25,42157.91544658703,1078,X_8==1 AND X_1==4 AND X_3==16 AND X_23==1,X_1==4 AND X_23==1 AND X_3==16 AND X_8==1,0,1.0,1.0,1.0,43,31.1268367767334
30000,25,42215.95884562885,4670,X_18==1 AND X_5==1 AND X_7==1 AND X_20==0,X_18==1 AND X_20==0 AND X_5==1 AND X_7==1,0,1.0,1.0,1.0,43,79.00044322013855
1000,25,24513.65267179344,167,X_12==0 AND X_11==0 AND X_20==1 AND X_9==0,X_12==1 AND X_17==1 AND X_4==1 AND X_6==1 AND X_7==1 AND X_8==1,0,0.0,0.0,0.0,44,52.3206570148468
3000,25,33925.536281609544,371,X_9==1 AND X_4==4 AND X_18==0 AND X_19==0,X_12==1 AND X_17==0 AND X_19==0 AND X_1==2 AND X_2==16 AND X_6==0,4,0.0052219321148825,0.0833333333333333,0.0026954177897574,44,606.2931089401245
10000,25,40492.27205390509,1549,X_8==0 AND X_12==1 AND X_17==0 AND X_20==0,X_12==1 AND X_17==0 AND X_20==0 AND X_8==0,0,1.0,1.0,1.0,44,84.51820707321167
1000,25,36934.40703879573,116,X_3==1 AND X_20==0 AND X_12==0 AND X_5==0,X_12==0 AND X_20==0 AND X_3==1 AND X_5==0,3,1.0,1.0,1.0,45,69.54607224464417
3000,25,33023.22783917896,369,X_11==0 AND X_2==16 AND X_16==1 AND X_5==1,X_12==1 AND X_14==0 AND X_15==0 AND X_16==0 AND X_19==0 AND X_5==0 AND X_7==0 AND X_9==0,0,0.0,0.0,0.0,45,651.355306148529
10000,25,28343.53595108002,1090,X_0==2 AND X_18==0 AND X_7==0 AND X_4==2,X_13==0 AND X_16==1 AND X_1==2 AND X_23==0 AND X_24==1 AND X_3==8 AND X_9==0,0,0.0,0.0,0.0,45,6549.300856113434
30000,25,39041.457421732535,3737,X_22==0 AND X_10==0 AND X_2==16 AND X_21==0,X_10==0 AND X_21==0 AND X_22==0 AND X_2==16,0,1.0,1.0,1.0,45,341.9639644622803
1000,25,28680.94880708166,114,X_5==1 AND X_4==16 AND X_1==1 AND X_24==1,X_17==1 AND X_18==1 AND X_20==1 AND X_21==0 AND X_24==0 AND X_9==0,0,0.0,0.0,0.0,46,58.56336784362793
3000,25,41352.44144504432,362,X_10==0 AND X_18==1 AND X_21==0 AND X_1==8,X_10==0 AND X_18==1 AND X_1==8 AND X_21==0,0,1.0,1.0,1.0,46,12.214059591293337
10000,25,25600.627192249973,1208,X_14==0 AND X_13==1 AND X_1==2 AND X_8==0,X_8==1,0,0.0,0.0,0.0,46,6581.891122341156
30000,25,47508.76772231451,3735,X_4==1 AND X_22==1 AND X_13==1 AND X_15==0,X_13==1 AND X_15==0 AND X_22==1 AND X_4==1,0,1.0,1.0,1.0,46,14.551389694213867
100000,25,45105.98719190081,12179,X_10==1 AND X_24==1 AND X_2==2 AND X_22==0,X_10==1 AND X_22==0 AND X_24==1 AND X_2==2,0,1.0,1.0,1.0,46,147.10026574134827
300000,25,45387.17375522178,47049,X_8==0 AND X_23==1 AND X_10==1 AND X_7==0,X_10==1 AND X_23==1 AND X_7==0 AND X_8==0,0,1.0,1.0,1.0,46,208.19381427764893
1000000,25,48021.57073647223,156400,X_16==0 AND X_23==1 AND X_8==0 AND X_7==1,X_16==0 AND X_23==1 AND X_7==1 AND X_8==0,0,1.0,1.0,1.0,46,410.7044107913971
1000,25,35713.43375629977,117,X_13==1 AND X_19==0 AND X_2==2 AND X_22==0,X_10==0 AND X_13==0 AND X_19==1 AND X_22==1 AND X_6==1 AND X_9==1,0,0.0,0.0,0.0,47,62.529698848724365
3000,25,48308.84130127967,368,X_7==0 AND X_4==4 AND X_5==0 AND X_20==0,X_20==0 AND X_4==4 AND X_5==0 AND X_7==0,0,1.0,1.0,1.0,47,2.2280046939849854
10000,25,45060.29130294434,1218,X_13==1 AND X_14==0 AND X_1==1 AND X_7==1,X_13==1 AND X_14==0 AND X_1==1 AND X_7==1,0,1.0,1.0,1.0,47,4.672606706619263
30000,25,23780.82296429451,4761,X_12==1 AND X_8==0 AND X_16==0 AND X_10==1,X_16==1,0,0.0,0.0,0.0,47,13574.666029930117
100000,25,46947.27675965759,12214,X_4==1 AND X_7==0 AND X_5==1 AND X_8==0,X_4==1 AND X_5==1 AND X_7==0 AND X_8==0,0,1.0,1.0,1.0,47,41.07847189903259
1000,25,47708.88203237064,122,X_11==0 AND X_23==1 AND X_2==8 AND X_6==1,X_11==0 AND X_23==1 AND X_2==8 AND X_6==1,0,1.0,1.0,1.0,48,1.4383082389831543
3000,25,45559.76909712036,371,X_10==1 AND X_2==16 AND X_21==1 AND X_11==1,X_10==1 AND X_11==1 AND X_21==1 AND X_2==16,0,1.0,1.0,1.0,48,2.9978103637695312
10000,25,34407.396292384015,1234,X_0==2 AND X_16==0 AND X_9==0 AND X_8==0,X_0==2 AND X_16==0 AND X_8==0 AND X_9==0,0,1.0,1.0,1.0,48,5786.797590970993
1000,25,27282.695528151547,164,X_24==0 AND X_19==0 AND X_11==1 AND X_21==0,X_11==0 AND X_19==0 AND X_1==16 AND X_22==1 AND X_9==0,0,0.0,0.0,0.0,49,77.84342551231384
3000,25,42076.90905091097,375,X_12==1 AND X_14==0 AND X_0==4 AND X_23==1,X_0==4 AND X_12==1 AND X_14==0 AND X_23==1,0,1.0,1.0,1.0,49,55.20034456253052
10000,25,48592.62781387693,1201,X_5==0 AND X_19==0 AND X_14==1 AND X_4==2,X_14==1 AND X_19==0 AND X_4==2 AND X_5==0,0,1.0,1.0,1.0,49,6.13236665725708
30000,25,45341.74975153007,4758,X_13==0 AND X_21==0 AND X_7==1 AND X_9==1,X_13==0 AND X_21==0 AND X_7==1 AND X_9==1,0,1.0,1.0,1.0,49,29.8607189655304
100000,25,40167.03416943438,12268,X_10==0 AND X_3==16 AND X_17==1 AND X_8==0,X_10==0 AND X_17==1 AND X_3==16 AND X_8==0,0,1.0,1.0,1.0,49,397.11151361465454
1000,25,30823.92440846556,122,X_7==1 AND X_13==0 AND X_18==0 AND X_1==16,X_12==1 AND X_15==1 AND X_16==1 AND X_17==1 AND X_19==1 AND X_22==0 AND X_7==0,0,0.0,0.0,0.0,5,75.17453670501709
3000,25,24321.872991408487,356,X_20==0 AND X_12==0 AND X_0==4 AND X_16==0,X_10==1 AND X_14==0 AND X_16==1 AND X_17==1 AND X_1==2 AND X_23==0 AND X_6==1,0,0.0,0.0,0.0,5,565.8825237751007
10000,25,31104.38942250978,1554,X_14==0 AND X_7==1 AND X_11==0 AND X_13==0,X_13==1 AND X_1==1 AND X_21==0 AND X_22==1 AND X_4==1 AND X_6==0 AND X_7==1,0,0.0,0.0,0.0,5,7247.353929519653
30000,25,37421.88272553652,3289,X_12==0 AND X_4==16 AND X_10==0 AND X_1==8,X_10==0 AND X_12==0 AND X_1==8 AND X_4==16,0,1.0,1.0,1.0,5,1037.2438571453094
1000,25,27858.37248619593,111,X_3==2 AND X_2==16 AND X_5==0 AND X_22==1,X_17==1 AND X_1==4 AND X_22==0 AND X_7==0 AND X_9==0,0,0.0,0.0,0.0,50,61.4253158569336
3000,25,46775.96198173389,379,X_13==0 AND X_14==1 AND X_0==8 AND X_7==1,X_0==8 AND X_13==0 AND X_14==1 AND X_7==1,0,1.0,1.0,1.0,50,65.99433064460754
10000,25,29789.488580111287,1230,X_8==1 AND X_10==1 AND X_0==2 AND X_12==1,X_10==0 AND X_11==1 AND X_15==1 AND X_2==8 AND X_6==0 AND X_8==1 AND X_9==0,0,0.0,0.0,0.0,50,6586.391549110413
30000,25,37765.674926318,4703,X_23==1 AND X_15==1 AND X_21==0 AND X_18==0,X_15==1 AND X_18==0 AND X_21==0 AND X_23==1,0,1.0,1.0,1.0,50,1208.7499177455902
100000,25,45693.668405536046,15638,X_22==1 AND X_18==0 AND X_11==0 AND X_9==0,X_11==0 AND X_18==0 AND X_22==1 AND X_9==0,0,1.0,1.0,1.0,50,63.213796615600586
1000,25,42751.27981085975,160,X_18==1 AND X_13==0 AND X_16==0 AND X_24==0,X_13==0 AND X_16==0 AND X_18==1 AND X_24==0,0,1.0,1.0,1.0,51,10.109244108200071
3000,25,46018.867753595885,474,X_17==0 AND X_5==0 AND X_19==1 AND X_8==0,X_17==0 AND X_19==1 AND X_5==0 AND X_8==0,0,1.0,1.0,1.0,51,4.479983329772949
10000,25,47518.30398841943,1561,X_20==0 AND X_10==0 AND X_11==1 AND X_12==0,X_10==0 AND X_11==1 AND X_12==0 AND X_20==0,0,1.0,1.0,1.0,51,11.081995487213137
30000,25,46683.85027605588,3713,X_8==0 AND X_24==1 AND X_20==0 AND X_0==4,X_0==4 AND X_20==0 AND X_24==1 AND X_8==0,0,1.0,1.0,1.0,51,6598.838435649872
100000,25,39505.77425524917,15548,X_5==1 AND X_9==1 AND X_6==1 AND X_24==0,X_24==0 AND X_5==1 AND X_6==1 AND X_9==1,0,1.0,1.0,1.0,51,650.8222599029541
300000,25,38200.754702037855,36782,X_11==0 AND X_2==8 AND X_16==0 AND X_6==1,X_11==0 AND X_16==0 AND X_2==8 AND X_6==1,0,1.0,1.0,1.0,51,4901.947528839111
1000,25,43179.51815938184,121,X_10==1 AND X_20==0 AND X_0==16 AND X_24==0,X_0==16 AND X_10==1 AND X_20==0 AND X_24==0,0,1.0,1.0,1.0,52,9.082761526107788
3000,25,26347.605239818266,327,X_4==8 AND X_7==0 AND X_3==16 AND X_16==0,X_0==8 AND X_11==0 AND X_17==0 AND X_20==0 AND X_22==1 AND X_7==1 AND X_8==1,0,0.0,0.0,0.0,52,637.6504390239716
10000,25,25687.064521559827,1211,X_7==0 AND X_3==2 AND X_23==1 AND X_22==0,X_23==0,0,0.0,0.0,0.0,52,6593.573696136475
30000,25,42027.07827130028,3266,X_13==1 AND X_2==4 AND X_3==2 AND X_5==1,X_13==1 AND X_2==4 AND X_3==2 AND X_5==1,0,1.0,1.0,1.0,52,51.01086401939392
100000,25,44262.803560618304,15687,X_24==0 AND X_12==1 AND X_22==1 AND X_10==1,X_10==1 AND X_12==1 AND X_22==1 AND X_24==0,0,1.0,1.0,1.0,52,104.07750344276428
1000,25,31065.11195306316,141,X_17==1 AND X_21==0 AND X_9==0 AND X_6==0,X_11==1 AND X_19==0 AND X_20==0 AND X_5==1 AND X_6==1 AND X_7==0,0,0.0,0.0,0.0,53,61.90839910507202
3000,25,25496.585954374597,315,X_0==16 AND X_2==8 AND X_24==0 AND X_22==0,X_11==0 AND X_19==1 AND X_20==0 AND X_22==1 AND X_2==16 AND X_4==16,0,0.0,0.0,0.0,53,587.2505505084991
10000,25,24597.37457309251,1224,X_17==1 AND X_4==1 AND X_6==1 AND X_7==1,X_16==0 AND X_6==0,0,0.0,0.0,0.0,53,6133.485424041748
1000,25,35766.36477411552,107,X_10==0 AND X_0==16 AND X_2==2 AND X_15==1,X_11==1 AND X_16==1 AND X_18==0 AND X_4==8,2,0.0458015267175572,0.125,0.02803738317757,54,56.63179230690002
3000,25,47849.04166510781,494,X_12==1 AND X_16==0 AND X_5==0 AND X_6==1,X_12==1 AND X_16==0 AND X_5==0 AND X_6==1,0,1.0,1.0,1.0,54,2.488358974456787
10000,25,36249.39958769575,1220,X_6==1 AND X_4==8 AND X_24==0 AND X_11==0,X_11==0 AND X_24==0 AND X_4==8 AND X_6==1,0,1.0,1.0,1.0,54,2393.3784346580505
30000,25,48289.18240648396,4627,X_16==0 AND X_6==0 AND X_18==1 AND X_7==1,X_16==0 AND X_18==1 AND X_6==0 AND X_7==1,0,1.0,1.0,1.0,54,12.155956745147703
100000,25,42516.58572133092,10358,X_1==4 AND X_22==1 AND X_2==8 AND X_4==2,X_1==4 AND X_22==1 AND X_2==8 AND X_4==2,0,1.0,1.0,1.0,54,3456.614081144333
1000,25,44674.22911327723,148,X_11==1 AND X_16==1 AND X_21==0 AND X_18==0,X_11==1 AND X_16==1 AND X_18==0 AND X_21==0,0,1.0,1.0,1.0,55,4.297608613967896
3000,25,30924.617000312093,371,X_6==1 AND X_10==1 AND X_8==0 AND X_0==4,X_14==1 AND X_19==1 AND X_2==4 AND X_5==0 AND X_6==0 AND X_8==0,0,0.0,0.0,0.0,55,600.7277884483337
10000,25,38052.63013344604,1090,X_12==1 AND X_21==0 AND X_0==16 AND X_2==4,X_0==16 AND X_12==1 AND X_21==0 AND X_2==4,0,1.0,1.0,1.0,55,1201.6889939308169
30000,25,45646.92723897532,4665,X_12==1 AND X_9==0 AND X_11==0 AND X_5==1,X_11==0 AND X_12==1 AND X_5==1 AND X_9==0,0,1.0,1.0,1.0,55,25.809585571289062
100000,25,39776.20465824615,15529,X_10==1 AND X_19==1 AND X_12==0 AND X_11==0,X_10==1 AND X_11==0 AND X_12==0 AND X_19==1,0,1.0,1.0,1.0,55,655.9830496311188
1000,25,24252.87753451762,130,X_16==1 AND X_11==0 AND X_3==4 AND X_5==1,X_16==0 AND X_19==0 AND X_20==0 AND X_4==2,0,0.0,0.0,0.0,56,70.0635073184967
3000,25,45955.681828229055,366,X_15==1 AND X_18==1 AND X_3==8 AND X_16==0,X_15==1 AND X_16==0 AND X_18==1 AND X_3==8,0,1.0,1.0,1.0,56,4.113750457763672
10000,25,43886.41956208132,1558,X_19==1 AND X_24==1 AND X_16==0 AND X_10==1,X_10==1 AND X_16==0 AND X_19==1 AND X_24==1,0,1.0,1.0,1.0,56,21.123347997665405
30000,25,37778.33333649249,3680,X_4==8 AND X_24==0 AND X_21==1 AND X_19==0,X_19==0 AND X_21==1 AND X_24==0 AND X_4==8,0,1.0,1.0,1.0,56,1025.0475778579712
100000,25,42032.39287815661,12259,X_1==16 AND X_6==1 AND X_23==1 AND X_12==0,X_12==0 AND X_1==16 AND X_23==1 AND X_6==1,0,1.0,1.0,1.0,56,6637.515639781952
1000,25,40115.70474167039,132,X_22==0 AND X_12==0 AND X_4==4 AND X_19==1,X_12==0 AND X_19==1 AND X_22==0 AND X_4==4,0,1.0,1.0,1.0,57,15.876430034637451
3000,25,31764.49308241361,455,X_7==0 AND X_18==1 AND X_17==0 AND X_8==0,X_10==1 AND X_12==0 AND X_15==1 AND X_18==0 AND X_19==1 AND X_21==0 AND X_22==1 AND X_6==0,0,0.0,0.0,0.0,57,661.1213207244873
10000,25,28723.445858490413,1089,X_4==4 AND X_1==1 AND X_15==0 AND X_18==1,X_11==0 AND X_14==0 AND X_15==1 AND X_16==1 AND X_19==1 AND X_20==0 AND X_7==1 AND X_9==1,0,0.0,0.0,0.0,57,6919.442823171616
1000,25,37680.60308737212,123,X_21==1 AND X_3==1 AND X_24==1 AND X_14==1,X_14==1 AND X_21==1 AND X_24==1 AND X_3==1,0,1.0,1.0,1.0,58,51.20081567764282
3000,25,30555.547143923075,473,X_14==1 AND X_8==1 AND X_7==0 AND X_13==1,X_17==0 AND X_18==1 AND X_23==1 AND X_24==0 AND X_4==2 AND X_9==0,1,0.0040485829959514,0.0476190476190476,0.0021141649048625,58,620.1856927871704
10000,25,31890.864089275157,1219,X_17==1 AND X_9==1 AND X_2==4 AND X_22==0,X_13==0 AND X_1==4 AND X_3==16 AND X_5==1 AND X_8==0,1,0.0047355958958168,0.0625,0.0024610336341263,58,6887.77522444725
30000,25,44591.18935426386,3263,X_7==1 AND X_11==1 AND X_4==16 AND X_1==4,X_11==1 AND X_1==4 AND X_4==16 AND X_7==1,0,1.0,1.0,1.0,58,334.98423862457275
100000,25,42070.56081276993,12206,X_17==1 AND X_3==16 AND X_20==0 AND X_24==0,X_17==1 AND X_20==0 AND X_24==0 AND X_3==16,0,1.0,1.0,1.0,58,239.40684628486636
300000,25,44767.56545844252,36743,X_23==1 AND X_19==0 AND X_4==2 AND X_12==1,X_12==1 AND X_19==0 AND X_23==1 AND X_4==2,0,1.0,1.0,1.0,58,185.8376476764679
1000,25,35778.75724342674,116,X_8==0 AND X_3==2 AND X_16==0 AND X_14==1,X_10==0 AND X_16==0 AND X_17==0 AND X_20==1 AND X_5==1 AND X_6==0 AND X_8==1,0,0.0,0.0,0.0,59,74.42417001724243
3000,25,30067.51752576262,362,X_19==0 AND X_17==0 AND X_14==0 AND X_0==16,X_11==1 AND X_14==1 AND X_15==0 AND X_16==0 AND X_21==1 AND X_23==0 AND X_6==1 AND X_8==1,0,0.0,0.0,0.0,59,675.8037917613983
10000,25,38789.88831243502,1573,X_10==1 AND X_13==1 AND X_15==1 AND X_24==0,X_10==1 AND X_13==1 AND X_15==1 AND X_24==0,0,1.0,1.0,1.0,59,274.13686776161194
30000,25,42271.11613509831,3682,X_19==1 AND X_5==0 AND X_1==8 AND X_15==0,X_15==0 AND X_19==1 AND X_1==8 AND X_5==0,0,1.0,1.0,1.0,59,505.0417330265045
1000,25,39710.69409399355,161,X_11==1 AND X_23==0 AND X_8==0 AND X_10==0,X_10==0 AND X_11==1 AND X_23==0 AND X_8==0,0,1.0,1.0,1.0,6,32.76088619232178
3000,25,25255.87980145526,310,X_0==1 AND X_6==1 AND X_1==16 AND X_4==8,X_17==1 AND X_21==1 AND X_23==1 AND X_24==0 AND X_6==0 AND X_7==1 AND X_9==1,0,0.0,0.0,0.0,6,634.5998499393463
10000,25,39059.46420115857,1081,X_1==16 AND X_22==0 AND X_18==1 AND X_3==1,X_18==1 AND X_1==16 AND X_22==0 AND X_3==1,0,1.0,1.0,1.0,6,130.56610560417175
30000,25,41050.22139064731,3638,X_17==1 AND X_4==1 AND X_19==0 AND X_15==1,X_15==1 AND X_17==1 AND X_19==0 AND X_4==1,0,1.0,1.0,1.0,6,101.58475756645204
1000,25,40409.09224327652,121,X_18==0 AND X_10==1 AND X_8==0 AND X_3==1,X_10==1 AND X_18==0 AND X_3==1 AND X_8==0,0,1.0,1.0,1.0,60,13.803390741348268
3000,25,26266.81066481053,369,X_21==0 AND X_11==1 AND X_18==0 AND X_2==1,X_15==1 AND X_17==0 AND X_18==1 AND X_19==1 AND X_23==1 AND X_5==1 AND X_6==0 AND X_8==0,0,0.0,0.0,0.0,60,598.3136699199677
10000,25,27050.782462318733,1221,X_21==1 AND X_3==16 AND X_6==0 AND X_24==0,X_6==1 AND X_9==0,0,0.0,0.0,0.0,60,6421.300462961197
1000,25,29807.41232171028,124,X_4==2 AND X_17==1 AND X_13==0 AND X_14==0,X_13==1 AND X_15==1 AND X_17==1 AND X_21==1 AND X_2==8,0,0.0,0.0,0.0,61,63.68930864334106
3000,25,27366.25430982074,350,X_2==8 AND X_11==0 AND X_8==1 AND X_0==2,X_14==0 AND X_16==0 AND X_18==0 AND X_19==0 AND X_20==1 AND X_24==0 AND X_9==0,4,0.0159151193633952,0.1111111111111111,0.0085714285714285,61,638.3730380535126
10000,25,48578.73736251011,1563,X_13==1 AND X_16==0 AND X_19==1 AND X_17==1,X_13==1 AND X_16==0 AND X_17==1 AND X_19==1,0,1.0,1.0,1.0,61,8.494385242462158
1000,25,41019.14904124949,154,X_23==0 AND X_22==0 AND X_9==1 AND X_14==0,X_14==0 AND X_22==0 AND X_23==0 AND X_9==1,0,1.0,1.0,1.0,62,21.06845736503601
3000,25,40898.62033592184,457,X_22==0 AND X_11==0 AND X_14==0 AND X_24==1,X_11==0 AND X_14==0 AND X_22==0 AND X_24==1,0,1.0,1.0,1.0,62,36.7835054397583
10000,25,25291.12000817708,1234,X_7==0 AND X_0==4 AND X_13==0 AND X_20==1,X_20==0,0,0.0,0.0,0.0,62,5789.140738248825
1000,25,36101.03609958874,167,X_13==0 AND X_19==1 AND X_14==0 AND X_15==0,X_20==1 AND X_22==0 AND X_5==1 AND X_6==1 AND X_7==1 AND X_9==1,2,0.0220994475138121,0.1428571428571428,0.0119760479041916,63,68.02528762817383
3000,25,25510.198475471563,477,X_6==1 AND X_16==1 AND X_22==1 AND X_20==0,X_0==2 AND X_10==1 AND X_13==1 AND X_14==0 AND X_6==0 AND X_9==0,0,0.0,0.0,0.0,63,605.4248988628387
10000,25,32291.35254363401,1573,X_11==1 AND X_19==0 AND X_21==0 AND X_23==0,X_0==1 AND X_13==0 AND X_14==1 AND X_15==0 AND X_16==0 AND X_17==0 AND X_18==1 AND X_21==1,0,0.0,0.0,0.0,63,6577.459066390991
30000,25,46035.64845774684,4691,X_24==1 AND X_20==0 AND X_17==1 AND X_16==0,X_16==0 AND X_17==1 AND X_20==0 AND X_24==1,0,1.0,1.0,1.0,63,23.09489727020264
100000,25,47794.262672882985,10900,X_3==4 AND X_2==4 AND X_19==1 AND X_17==0,X_17==0 AND X_19==1 AND X_2==4 AND X_3==4,0,1.0,1.0,1.0,63,246.42780184745789
300000,25,47867.40988345828,32663,X_4==4 AND X_3==8 AND X_10==0 AND X_11==0,X_10==0 AND X_11==0 AND X_3==8 AND X_4==4,0,1.0,1.0,1.0,63,198.96422123909
1000,25,25025.443953089845,129,X_23==1 AND X_11==1 AND X_4==1 AND X_12==0,X_11==0 AND X_18==0 AND X_19==0 AND X_20==0 AND X_3==16 AND X_6==0,0,0.0,0.0,0.0,64,68.53454351425171
3000,25,26388.93516066392,452,X_7==1 AND X_17==0 AND X_23==1 AND X_11==1,X_15==0 AND X_17==1 AND X_21==1 AND X_23==0 AND X_3==16 AND X_5==1 AND X_8==1,0,0.0,0.0,0.0,64,643.771087884903
10000,25,23535.523082355456,1094,X_14==0 AND X_10==0 AND X_3==8 AND X_2==2,X_14==1,0,0.0,0.0,0.0,64,7218.839327096939
30000,25,45060.47956135818,3685,X_16==1 AND X_3==4 AND X_17==1 AND X_14==0,X_14==0 AND X_16==1 AND X_17==1 AND X_3==4,0,1.0,1.0,1.0,64,20.003576278686523
1000,25,33900.32248060821,156,X_22==1 AND X_24==0 AND X_7==0 AND X_11==1,X_11==1 AND X_12==1 AND X_16==0 AND X_18==1 AND X_24==1 AND X_7==1,0,0.0,0.0,0.0,65,66.46974039077759
3000,25,26911.914479543346,366,X_24==0 AND X_19==0 AND X_1==2 AND X_11==1,X_10==0 AND X_12==0 AND X_19==1 AND X_1==2 AND X_20==0 AND X_7==0 AND X_8==0,0,0.0,0.0,0.0,65,638.3339030742645
10000,25,39098.20729813368,1569,X_24==1 AND X_22==0 AND X_11==1 AND X_10==1,X_10==1 AND X_11==1 AND X_22==0 AND X_24==1,0,1.0,1.0,1.0,65,234.068172454834
30000,25,48525.62379813103,3271,X_12==0 AND X_1==8 AND X_2==16 AND X_14==1,X_12==0 AND X_14==1 AND X_1==8 AND X_2==16,0,1.0,1.0,1.0,65,450.8856685161591
100000,25,45520.99738688524,12290,X_6==0 AND X_8==0 AND X_2==4 AND X_5==0,X_2==4 AND X_5==0 AND X_6==0 AND X_8==0,0,1.0,1.0,1.0,65,244.75035119056705
1000,25,38952.90181278461,115,X_8==0 AND X_10==1 AND X_21==1 AND X_3==4,X_10==1 AND X_21==1 AND X_3==4 AND X_8==0,0,1.0,1.0,1.0,66,41.230483531951904
3000,25,45853.21805538446,374,X_18==0 AND X_0==2 AND X_16==0 AND X_17==0,X_0==2 AND X_16==0 AND X_17==0 AND X_18==0,0,1.0,1.0,1.0,66,28.0270414352417
10000,25,42838.93768015535,1101,X_2==1 AND X_20==1 AND X_16==1 AND X_3==16,X_16==1 AND X_20==1 AND X_2==1 AND X_3==16,0,1.0,1.0,1.0,66,16.186238288879395
30000,25,48479.24039342023,3629,X_24==1 AND X_22==1 AND X_1==2 AND X_6==0,X_1==2 AND X_22==1 AND X_24==1 AND X_6==0,0,1.0,1.0,1.0,66,209.12569761276245
100000,25,46367.70144762696,15648,X_13==1 AND X_20==0 AND X_8==1 AND X_12==0,X_12==0 AND X_13==1 AND X_20==0 AND X_8==1,0,1.0,1.0,1.0,66,67.90611863136292
1000,25,29806.99858693752,126,X_15==0 AND X_14==0 AND X_23==1 AND X_4==2,X_11==0 AND X_13==0 AND X_14==1 AND X_15==0 AND X_16==1 AND X_23==0,0,0.0,0.0,0.0,67,75.53463435173035
3000,25,47589.18776034456,491,X_15==1 AND X_13==0 AND X_17==1 AND X_23==0,X_13==0 AND X_15==1 AND X_17==1 AND X_23==0,0,1.0,1.0,1.0,67,3.8438544273376474
10000,25,42783.02220684157,1217,X_23==0 AND X_5==0 AND X_1==2 AND X_22==1,X_1==2 AND X_22==1 AND X_23==0 AND X_5==0,0,1.0,1.0,1.0,67,23.159135341644287
30000,25,47846.44094440168,3688,X_21==1 AND X_6==0 AND X_0==2 AND X_22==1,X_0==2 AND X_21==1 AND X_22==1 AND X_6==0,0,1.0,1.0,1.0,67,3156.129480838776
1000,25,36004.73524709141,154,X_20==0 AND X_5==0 AND X_6==1 AND X_8==0,X_11==1 AND X_16==0 AND X_18==0 AND X_19==0 AND X_22==0 AND X_24==0 AND X_9==1,0,0.0,0.0,0.0,68,76.7163634300232
3000,25,29563.161500703,370,X_5==0 AND X_20==1 AND X_1==16 AND X_10==0,X_10==1 AND X_12==1 AND X_16==1 AND X_17==1 AND X_6==0 AND X_8==0,0,0.0,0.0,0.0,68,617.7249341011047
10000,25,35102.636430260274,1555,X_24==1 AND X_16==0 AND X_7==1 AND X_12==0,X_12==0 AND X_16==0 AND X_24==1 AND X_7==1,0,1.0,1.0,1.0,68,6442.392252206802
1000,25,39176.23780160359,107,X_22==1 AND X_10==1 AND X_3==1 AND X_4==8,X_10==1 AND X_22==1 AND X_3==1 AND X_4==8,0,1.0,1.0,1.0,69,17.598706007003784
3000,25,35097.40067126307,477,X_13==1 AND X_15==0 AND X_5==1 AND X_14==1,X_13==1 AND X_14==1 AND X_15==0 AND X_5==1,1,1.0,1.0,1.0,69,620.9736695289612
10000,25,43691.15728812391,1595,X_7==1 AND X_10==0 AND X_19==0 AND X_5==0,X_10==0 AND X_19==0 AND X_5==0 AND X_7==1,0,1.0,1.0,1.0,69,13.445161581039429
30000,25,35391.04255555122,3684,X_12==1 AND X_14==0 AND X_3==4 AND X_20==0,X_12==1 AND X_14==0 AND X_20==0 AND X_3==4,0,1.0,1.0,1.0,69,13195.862697601318
100000,25,39728.45659422111,15523,X_7==0 AND X_21==0 AND X_5==0 AND X_14==1,X_14==1 AND X_21==0 AND X_5==0 AND X_7==0,0,1.0,1.0,1.0,69,485.105171918869
1000,25,28570.748469959668,155,X_24==1 AND X_21==0 AND X_6==0 AND X_16==1,X_0==1 AND X_10==0 AND X_13==1 AND X_16==1 AND X_19==1 AND X_20==0,0,0.0117647058823529,0.0666666666666666,0.0064516129032258,7,51.144593238830566
3000,25,29725.782379280183,469,X_9==1 AND X_15==0 AND X_8==0 AND X_23==1,X_10==1 AND X_11==1 AND X_13==0 AND X_17==1 AND X_18==0 AND X_21==0 AND X_5==0 AND X_9==0,0,0.0,0.0,0.0,7,601.8318722248077
10000,25,27561.643471026902,1233,X_8==0 AND X_7==1 AND X_5==0 AND X_1==16,X_11==0 AND X_12==0 AND X_13==1 AND X_14==1 AND X_23==1 AND X_2==1 AND X_7==0 AND X_9==1,0,0.0,0.0,0.0,7,6847.8838946819305
1000,25,39715.59558254122,149,X_9==1 AND X_15==0 AND X_6==0 AND X_14==0,X_14==0 AND X_15==0 AND X_6==0 AND X_9==1,0,1.0,1.0,1.0,70,20.189162492752075
3000,25,35397.70163308635,476,X_20==1 AND X_16==0 AND X_14==1 AND X_15==1,X_14==1 AND X_15==1 AND X_16==0 AND X_20==1,0,1.0,1.0,1.0,70,648.4327771663666
10000,25,29076.932394937237,1242,X_21==1 AND X_15==1 AND X_4==2 AND X_19==1,X_10==1 AND X_14==1 AND X_15==0 AND X_22==1 AND X_24==1 AND X_3==8 AND X_7==1 AND X_9==0,0,0.0,0.0,0.0,70,7020.06213593483
1000,25,33025.46057663201,167,X_8==1 AND X_19==1 AND X_5==0 AND X_10==0,X_14==1 AND X_15==0 AND X_19==0 AND X_20==0 AND X_22==0 AND X_5==0 AND X_8==1,0,0.0,0.0,0.0,71,52.66158437728882
3000,25,33108.29837515119,377,X_17==1 AND X_24==1 AND X_15==0 AND X_4==8,X_12==0 AND X_16==1 AND X_17==0 AND X_18==0 AND X_19==1 AND X_2==4 AND X_8==0,0,0.0,0.0,0.0,71,711.9709994792938
10000,25,31709.36601491263,1549,X_7==0 AND X_20==1 AND X_19==0 AND X_10==0,X_0==16 AND X_12==0 AND X_16==0 AND X_19==1 AND X_20==0 AND X_23==1 AND X_5==0 AND X_6==1,0,0.0,0.0,0.0,71,6936.617586612701
30000,25,43355.23515509521,3122,X_3==2 AND X_5==1 AND X_4==1 AND X_2==1,X_2==1 AND X_3==2 AND X_4==1 AND X_5==1,0,1.0,1.0,1.0,71,24.83547163009644
100000,25,39026.01796283707,12208,X_1==1 AND X_11==0 AND X_20==0 AND X_21==1,X_11==0 AND X_1==1 AND X_20==0 AND X_21==1,0,1.0,1.0,1.0,71,461.3482084274292
300000,25,43237.64669975163,36718,X_3==8 AND X_21==0 AND X_10==1 AND X_7==1,X_10==1 AND X_21==0 AND X_3==8 AND X_7==1,0,1.0,1.0,1.0,71,468.0504853725433
1000,25,29033.06803835781,120,X_17==1 AND X_23==0 AND X_4==4 AND X_21==0,X_12==1 AND X_15==1 AND X_16==0 AND X_17==1 AND X_18==0 AND X_4==2,0,0.0,0.0,0.0,72,72.0478823184967
3000,25,34452.57452226382,361,X_19==1 AND X_0==1 AND X_24==0 AND X_18==0,X_11==0 AND X_17==1 AND X_20==1 AND X_23==1 AND X_7==1 AND X_8==0,1,0.0251256281407035,0.1351351351351351,0.0138504155124653,72,800.6487908363342
10000,25,24943.29675865653,1247,X_4==2 AND X_24==0 AND X_20==1 AND X_6==0,X_20==0,0,0.0,0.0,0.0,72,7358.167529821396
1000,25,25116.37964447388,127,X_12==0 AND X_21==1 AND X_3==8 AND X_13==1,X_13==0 AND X_22==1 AND X_2==2 AND X_7==1 AND X_9==1,0,0.0,0.0,0.0,73,67.37264776229858
3000,25,45575.50284996249,469,X_15==1 AND X_24==0 AND X_22==0 AND X_13==1,X_13==1 AND X_15==1 AND X_22==0 AND X_24==0,0,1.0,1.0,1.0,73,6.374634027481079
10000,25,37791.84012478864,1562,X_8==0 AND X_24==1 AND X_13==1 AND X_6==1,X_13==1 AND X_24==1 AND X_6==1 AND X_8==0,0,1.0,1.0,1.0,73,436.9178433418274
30000,25,37308.99939175072,3274,X_11==0 AND X_15==1 AND X_3==8 AND X_0==16,X_0==16 AND X_11==0 AND X_15==1 AND X_3==8,0,1.0,1.0,1.0,73,10781.89706659317
1000,25,37435.08996070479,160,X_21==0 AND X_24==0 AND X_9==1 AND X_14==1,X_14==1 AND X_21==0 AND X_24==0 AND X_9==1,0,1.0,1.0,1.0,74,61.147592544555664
3000,25,39125.67745648371,478,X_11==0 AND X_22==0 AND X_18==0 AND X_23==0,X_11==0 AND X_18==0 AND X_22==0 AND X_23==0,0,1.0,1.0,1.0,74,111.02491855621338
10000,25,29874.96172953953,1538,X_15==0 AND X_11==0 AND X_7==1 AND X_13==1,X_0==16 AND X_12==0 AND X_13==0 AND X_14==1 AND X_22==0 AND X_23==1 AND X_24==0 AND X_8==1,0,0.0,0.0,0.0,74,7182.030699729919
1000,25,37817.482162327855,155,X_18==1 AND X_11==1 AND X_8==1 AND X_22==0,X_11==1 AND X_18==1 AND X_22==0 AND X_8==1,0,1.0,1.0,1.0,75,43.31536889076233
3000,25,46594.544173056864,325,X_7==0 AND X_4==16 AND X_0==2 AND X_23==1,X_0==2 AND X_23==1 AND X_4==16 AND X_7==0,0,1.0,1.0,1.0,75,15.522759437561035
10000,25,36917.44968981492,1527,X_8==0 AND X_7==0 AND X_5==1 AND X_6==0,X_5==1 AND X_6==0 AND X_7==0 AND X_8==0,0,1.0,1.0,1.0,75,964.9302504062651
30000,25,38304.23494564075,3666,X_18==1 AND X_9==1 AND X_22==0 AND X_3==1,X_18==1 AND X_22==0 AND X_3==1 AND X_9==1,0,1.0,1.0,1.0,75,515.7507176399231
1000,25,43949.15763278401,124,X_18==1 AND X_16==1 AND X_0==2 AND X_10==1,X_0==2 AND X_10==1 AND X_16==1 AND X_18==1,0,1.0,1.0,1.0,76,4.021042346954346
3000,25,44999.85882140341,323,X_7==1 AND X_11==1 AND X_3==1 AND X_1==1,X_11==1 AND X_1==1 AND X_3==1 AND X_7==1,0,1.0,1.0,1.0,76,1.7638311386108398
10000,25,29995.10414709589,1086,X_0==4 AND X_4==16 AND X_19==1 AND X_10==0,X_12==0 AND X_15==1 AND X_19==1 AND X_22==1 AND X_4==8 AND X_9==0,0,0.0,0.0,0.0,76,6667.432359218597
30000,25,46297.10203390463,4671,X_22==0 AND X_16==1 AND X_17==0 AND X_13==1,X_13==1 AND X_16==1 AND X_17==0 AND X_22==0,0,1.0,1.0,1.0,76,26.926527976989743
1000,25,37177.89643573048,125,X_20==0 AND X_6==1 AND X_0==16 AND X_18==0,X_0==16 AND X_18==0 AND X_20==0 AND X_6==1,0,1.0,1.0,1.0,77,63.63883447647095
3000,25,37260.04331244043,376,X_17==1 AND X_10==0 AND X_15==0 AND X_4==8,X_10==0 AND X_15==0 AND X_17==1 AND X_4==8,0,1.0,1.0,1.0,77,275.8609771728516
10000,25,47967.41657361937,1583,X_13==1 AND X_7==1 AND X_11==0 AND X_12==0,X_11==0 AND X_12==0 AND X_13==1 AND X_7==1,0,1.0,1.0,1.0,77,9.377370357513428
30000,25,37240.467250931295,3655,X_14==1 AND X_22==1 AND X_0==4 AND X_21==0,X_0==4 AND X_14==1 AND X_21==0 AND X_22==1,0,1.0,1.0,1.0,77,6269.96765422821
1000,25,44405.51312906365,132,X_16==0 AND X_3==8 AND X_17==1 AND X_15==0,X_15==0 AND X_16==0 AND X_17==1 AND X_3==8,0,1.0,1.0,1.0,78,2.1075453758239746
3000,25,43610.04731020364,446,X_24==1 AND X_10==1 AND X_23==1 AND X_8==1,X_10==1 AND X_23==1 AND X_24==1 AND X_8==1,0,1.0,1.0,1.0,78,11.434543371200562
10000,25,45887.17308251288,1242,X_6==1 AND X_2==16 AND X_18==1 AND X_15==0,X_15==0 AND X_18==1 AND X_2==16 AND X_6==1,0,1.0,1.0,1.0,78,7.92257285118103
1000,25,33465.669491702334,118,X_8==1 AND X_1==4 AND X_16==1 AND X_7==0,X_10==1 AND X_15==1 AND X_16==1 AND X_22==1 AND X_3==16 AND X_5==1,1,0.0153846153846153,0.0833333333333333,0.0084745762711864,79,51.24820017814636
3000,25,37585.3877978852,378,X_14==0 AND X_3==4 AND X_9==1 AND X_19==1,X_14==0 AND X_19==1 AND X_3==4 AND X_9==1,0,1.0,1.0,1.0,79,226.28558373451236
10000,25,31123.79758440504,1545,X_6==1 AND X_19==0 AND X_10==1 AND X_17==0,X_11==0 AND X_13==0 AND X_17==1 AND X_18==0 AND X_19==1 AND X_2==4 AND X_6==1 AND X_8==1,0,0.0,0.0,0.0,79,6331.483997821808
30000,25,47831.64427081381,3701,X_10==1 AND X_14==1 AND X_22==1 AND X_2==8,X_10==1 AND X_14==1 AND X_22==1 AND X_2==8,0,1.0,1.0,1.0,79,22.45119071006775
100000,25,43918.99565469015,10896,X_9==0 AND X_6==0 AND X_3==8 AND X_1==16,X_1==16 AND X_3==8 AND X_6==0 AND X_9==0,0,1.0,1.0,1.0,79,6584.818047761917
300000,25,40196.18476852692,46699,X_19==0 AND X_10==1 AND X_23==0 AND X_8==1,X_10==1 AND X_19==0 AND X_23==0 AND X_8==1,0,1.0,1.0,1.0,79,1725.4716398715973
1000,25,31070.903782863217,162,X_16==1 AND X_22==0 AND X_6==1 AND X_8==1,X_0==1 AND X_16==0 AND X_17==1 AND X_20==1 AND X_24==1 AND X_9==0,0,0.0,0.0,0.0,8,62.5601487159729
3000,25,32174.442299509403,471,X_14==0 AND X_6==0 AND X_23==0 AND X_16==0,X_11==1 AND X_13==1 AND X_14==1 AND X_17==0 AND X_18==1 AND X_24==0 AND X_5==1 AND X_8==1,0,0.0,0.0,0.0,8,582.3533482551575
10000,25,43851.882902231686,1234,X_8==0 AND X_7==0 AND X_0==2 AND X_22==0,X_0==2 AND X_22==0 AND X_7==0 AND X_8==0,0,1.0,1.0,1.0,8,298.5556435585022
30000,25,36476.16181135142,4648,X_11==0 AND X_17==1 AND X_15==1 AND X_12==0,X_11==0 AND X_12==0 AND X_15==1 AND X_17==1,0,1.0,1.0,1.0,8,4240.740127325058
100000,25,36546.992898187134,15587,X_20==0 AND X_10==0 AND X_6==1 AND X_9==1,X_10==0 AND X_20==0 AND X_6==1 AND X_9==1,0,1.0,1.0,1.0,8,9827.623772859572
1000,25,47000.38036572888,159,X_20==1 AND X_16==0 AND X_23==1 AND X_18==1,X_16==0 AND X_18==1 AND X_20==1 AND X_23==1,0,1.0,1.0,1.0,80,2.575550079345703
3000,25,34737.363017143434,475,X_20==1 AND X_11==1 AND X_22==0 AND X_23==0,X_11==1 AND X_20==1 AND X_22==0 AND X_23==0,0,1.0,1.0,1.0,80,502.25495958328247
10000,25,48623.52757363382,1580,X_23==0 AND X_10==1 AND X_19==1 AND X_11==0,X_10==1 AND X_11==0 AND X_19==1 AND X_23==0,0,1.0,1.0,1.0,80,5.923223257064819
30000,25,35174.192254144735,3616,X_2==2 AND X_24==1 AND X_7==0 AND X_15==1,X_15==1 AND X_24==1 AND X_2==2 AND X_7==0,0,1.0,1.0,1.0,80,13025.728123426436
100000,25,40207.95820107372,15532,X_23==1 AND X_18==1 AND X_12==1 AND X_22==0,X_12==1 AND X_18==1 AND X_22==0 AND X_23==1,0,1.0,1.0,1.0,80,624.7555873394012
1000,25,25082.31434489298,146,X_24==1 AND X_21==1 AND X_7==1 AND X_12==1,X_11==0 AND X_12==1 AND X_2==8 AND X_5==0 AND X_7==0,0,0.0,0.0,0.0,81,60.25568437576294
3000,25,29557.856562009496,319,X_12==0 AND X_0==16 AND X_4==1 AND X_16==1,X_10==0 AND X_13==1 AND X_14==0 AND X_16==0 AND X_18==1 AND X_20==1 AND X_24==0 AND X_5==1,0,0.0,0.0,0.0,81,735.9732854366302
10000,25,41112.30869720095,1568,X_13==0 AND X_9==1 AND X_20==0 AND X_11==1,X_11==1 AND X_13==0 AND X_20==0 AND X_9==1,0,1.0,1.0,1.0,81,62.7827513217926
30000,25,42732.99895589156,4631,X_18==1 AND X_16==0 AND X_7==0 AND X_12==1,X_12==1 AND X_16==0 AND X_18==1 AND X_7==0,0,1.0,1.0,1.0,81,69.37379765510559
1000,25,26275.04802968189,157,X_19==1 AND X_17==1 AND X_9==1 AND X_13==0,X_12==0 AND X_13==0 AND X_24==1 AND X_3==8 AND X_9==0,0,0.0,0.0,0.0,82,38.97016954421997
3000,25,29706.1340173806,330,X_3==1 AND X_19==0 AND X_1==16 AND X_14==0,X_10==1 AND X_12==0 AND X_16==1 AND X_17==0 AND X_22==1 AND X_23==0 AND X_5==0 AND X_9==0,0,0.0,0.0,0.0,82,659.2854158878326
10000,25,24950.87927566579,1215,X_18==1 AND X_23==1 AND X_14==0 AND X_1==1,X_18==0,0,0.0,0.0,0.0,82,6482.843678951263
1000,25,26994.580257051653,151,X_13==1 AND X_14==1 AND X_18==0 AND X_11==0,X_12==1 AND X_13==1 AND X_14==0 AND X_20==0 AND X_23==0 AND X_9==0,0,0.0,0.0,0.0,83,65.50659489631653
3000,25,26134.231977112493,460,X_5==0 AND X_6==0 AND X_18==0 AND X_20==1,X_13==1 AND X_14==1 AND X_20==0 AND X_24==1 AND X_7==0,0,0.0,0.0,0.0,83,611.2994856834412
10000,25,45717.14485973415,1210,X_17==1 AND X_4==1 AND X_22==0 AND X_11==0,X_11==0 AND X_17==1 AND X_22==0 AND X_4==1,0,1.0,1.0,1.0,83,9.930603504180908
30000,25,41561.26295876384,4671,X_24==0 AND X_17==1 AND X_10==0 AND X_9==1,X_10==0 AND X_17==1 AND X_24==0 AND X_9==1,0,1.0,1.0,1.0,83,108.85341143608092
1000,25,41194.03628051298,151,X_18==0 AND X_7==1 AND X_8==1 AND X_19==1,X_18==0 AND X_19==1 AND X_7==1 AND X_8==1,0,1.0,1.0,1.0,84,16.669630765914917
3000,25,35432.37717337604,464,X_23==1 AND X_11==0 AND X_14==1 AND X_22==1,X_11==0 AND X_14==1 AND X_22==1 AND X_23==1,0,1.0,1.0,1.0,84,609.9854032993317
10000,25,23423.945753737386,1080,X_0==8 AND X_13==1 AND X_23==1 AND X_1==16,X_13==0,0,0.0,0.0,0.0,84,6442.215990066528
1000,25,36167.677287555984,167,X_16==1 AND X_8==1 AND X_6==0 AND X_14==1,X_14==1 AND X_16==1 AND X_6==0 AND X_8==1,0,1.0,1.0,1.0,85,57.87535715103149
3000,25,40026.05032955048,309,X_1==16 AND X_2==1 AND X_18==0 AND X_3==16,X_18==0 AND X_1==16 AND X_2==1 AND X_3==16,0,1.0,1.0,1.0,85,33.695141077041626
10000,25,24436.66946670998,1230,X_8==0 AND X_4==16 AND X_13==1 AND X_21==0,X_21==1,0,0.0,0.0,0.0,85,6559.543406009674
30000,25,43675.04755131003,3677,X_16==1 AND X_4==16 AND X_21==0 AND X_19==1,X_16==1 AND X_19==1 AND X_21==0 AND X_4==16,0,1.0,1.0,1.0,85,38.71933650970459
1000,25,46279.63988319206,122,X_13==0 AND X_4==2 AND X_15==0 AND X_8==0,X_13==0 AND X_15==0 AND X_4==2 AND X_8==0,0,1.0,1.0,1.0,86,2.032614231109619
3000,25,36612.94076653997,462,X_17==1 AND X_7==1 AND X_24==1 AND X_9==0,X_17==1 AND X_24==1 AND X_7==1 AND X_9==0,0,1.0,1.0,1.0,86,392.7642765045166
10000,25,29204.83219601636,1204,X_10==0 AND X_20==1 AND X_21==0 AND X_3==8,X_11==0 AND X_12==0 AND X_14==0 AND X_20==0 AND X_21==1 AND X_22==1 AND X_3==16 AND X_8==1,0,0.0,0.0,0.0,86,6838.446493387222
30000,25,41621.07427557743,3657,X_3==2 AND X_19==1 AND X_9==0 AND X_22==0,X_19==1 AND X_22==0 AND X_3==2 AND X_9==0,0,1.0,1.0,1.0,86,87.32093262672424
1000,25,35413.56784076069,103,X_9==1 AND X_4==8 AND X_14==0 AND X_3==8,X_13==1 AND X_16==1 AND X_19==1 AND X_23==1 AND X_6==1,0,0.0303030303030303,0.0689655172413793,0.0194174757281553,87,61.32565069198608
3000,25,41153.55892538594,371,X_8==0 AND X_4==8 AND X_18==1 AND X_21==0,X_18==1 AND X_21==0 AND X_4==8 AND X_8==0,0,1.0,1.0,1.0,87,24.74979543685913
10000,25,32313.00407086716,1544,X_8==0 AND X_20==1 AND X_21==1 AND X_22==0,X_10==1 AND X_12==0 AND X_15==1 AND X_18==1 AND X_1==2 AND X_20==0 AND X_6==1 AND X_8==0,0,0.0,0.0,0.0,87,5383.494506597519
30000,25,37066.65144238229,4700,X_6==0 AND X_15==0 AND X_12==0 AND X_18==1,X_12==0 AND X_15==0 AND X_18==1 AND X_6==0,0,1.0,1.0,1.0,87,2018.0854740142825
1000,25,30787.9969632716,148,X_13==1 AND X_15==1 AND X_20==0 AND X_7==0,X_13==0 AND X_19==0 AND X_21==1 AND X_23==0 AND X_5==0 AND X_8==0 AND X_9==1,0,0.0,0.0,0.0,88,64.21238565444946
3000,25,26949.470766209244,456,X_18==1 AND X_24==1 AND X_19==1 AND X_5==0,X_12==0 AND X_18==0 AND X_19==1 AND X_22==1 AND X_23==1 AND X_4==1,0,0.0,0.0,0.0,88,660.7138657569885
10000,25,31140.6303442562,1557,X_5==1 AND X_15==1 AND X_24==0 AND X_23==0,X_10==1 AND X_11==0 AND X_12==1 AND X_18==0 AND X_1==1 AND X_20==1 AND X_8==0 AND X_9==1,3,0.0012714558169103,0.0625,0.0006422607578676,88,7284.458297729492
1000,25,38664.37155926467,155,X_6==0 AND X_18==0 AND X_11==1 AND X_20==0,X_11==1 AND X_18==0 AND X_20==0 AND X_6==0,0,1.0,1.0,1.0,89,27.57573270797729
3000,25,28097.537615883008,373,X_13==1 AND X_21==1 AND X_0==16 AND X_5==0,X_13==0 AND X_15==1 AND X_17==0 AND X_23==1 AND X_3==2 AND X_6==0 AND X_7==1,0,0.0,0.0,0.0,89,537.2555351257324
10000,25,45266.7409595888,1217,X_21==1 AND X_12==1 AND X_16==0 AND X_2==16,X_12==1 AND X_16==0 AND X_21==1 AND X_2==16,0,1.0,1.0,1.0,89,8.186086893081665
1000,25,27198.628306688668,130,X_13==1 AND X_6==0 AND X_4==16 AND X_7==1,X_10==0 AND X_18==0 AND X_1==2 AND X_5==1 AND X_8==1 AND X_9==1,0,0.0,0.0,0.0,9,47.97122764587402
3000,25,31722.716937277288,358,X_24==0 AND X_19==0 AND X_18==1 AND X_4==4,X_11==0 AND X_14==1 AND X_18==1 AND X_20==1 AND X_4==8 AND X_5==0 AND X_9==0,0,0.0,0.0,0.0,9,751.3800694942474
10000,25,45233.82643092626,1250,X_13==0 AND X_19==1 AND X_5==0 AND X_2==1,X_13==0 AND X_19==1 AND X_2==1 AND X_5==0,0,1.0,1.0,1.0,9,5.979677200317383
1000,25,39573.10624374854,157,X_19==0 AND X_24==1 AND X_9==1 AND X_17==1,X_17==1 AND X_19==0 AND X_24==1 AND X_9==1,0,1.0,1.0,1.0,90,25.864337682724
3000,25,43659.724560090974,358,X_9==1 AND X_5==1 AND X_8==1 AND X_3==1,X_3==1 AND X_5==1 AND X_8==1 AND X_9==1,0,1.0,1.0,1.0,90,11.386432886123655
10000,25,40369.05756837776,1587,X_24==0 AND X_17==0 AND X_20==0 AND X_23==1,X_17==0 AND X_20==0 AND X_23==1 AND X_24==0,0,1.0,1.0,1.0,90,107.27892518043518
30000,25,48105.834090575554,4714,X_23==1 AND X_19==1 AND X_11==0 AND X_15==0,X_11==0 AND X_15==0 AND X_19==1 AND X_23==1,0,1.0,1.0,1.0,90,14.45722246170044
100000,25,46849.51328672573,15596,X_24==0 AND X_17==0 AND X_9==1 AND X_18==1,X_17==0 AND X_18==1 AND X_24==0 AND X_9==1,0,1.0,1.0,1.0,90,62.925172328948975
300000,25,37087.92454582264,32587,X_22==0 AND X_1==1 AND X_20==0 AND X_2==4,X_1==1 AND X_20==0 AND X_22==0 AND X_2==4,0,1.0,1.0,1.0,90,4713.354624271393
1000,25,45792.08465510031,147,X_10==0 AND X_24==1 AND X_20==0 AND X_23==0,X_10==0 AND X_20==0 AND X_23==0 AND X_24==1,0,1.0,1.0,1.0,91,4.330891609191895
3000,25,30635.924702603912,309,X_20==0 AND X_1==8 AND X_3==8 AND X_2==4,X_0==16 AND X_15==0 AND X_23==0 AND X_24==0 AND X_6==1 AND X_7==1 AND X_8==1,3,0.0061728395061728,0.0666666666666666,0.0032362459546925,91,614.6779294013977
10000,25,33847.17251833323,1549,X_15==0 AND X_19==1 AND X_23==0 AND X_24==1,X_15==0 AND X_23==0 AND X_24==1,0,0.8513327837317944,0.7411483253588517,1.0,91,7174.945768594742
30000,25,48218.311971936026,4720,X_23==1 AND X_13==0 AND X_9==1 AND X_21==1,X_13==0 AND X_21==1 AND X_23==1 AND X_9==1,0,1.0,1.0,1.0,91,12.934271812438965
100000,25,47994.10720926493,12266,X_4==8 AND X_20==0 AND X_14==1 AND X_11==1,X_11==1 AND X_14==1 AND X_20==0 AND X_4==8,0,1.0,1.0,1.0,91,37.75767946243286
1000,25,41772.83155123408,131,X_13==0 AND X_3==4 AND X_7==0 AND X_19==0,X_13==0 AND X_19==0 AND X_3==4 AND X_7==0,0,1.0,1.0,1.0,92,10.964856386184692
3000,25,38982.62577990325,458,X_15==0 AND X_24==1 AND X_6==0 AND X_20==1,X_15==0 AND X_20==1 AND X_24==1 AND X_6==0,0,1.0,1.0,1.0,92,101.11352443695068
10000,25,32612.494708876144,1084,X_1==16 AND X_4==16 AND X_24==1 AND X_8==0,X_0==2 AND X_11==0 AND X_13==0 AND X_16==0 AND X_22==1 AND X_4==8 AND X_5==1,0,0.0,0.0,0.0,92,8129.114162445068
1000,25,28511.377027107108,159,X_22==1 AND X_12==0 AND X_21==0 AND X_17==1,X_10==1 AND X_16==1 AND X_19==1 AND X_21==1 AND X_22==1 AND X_23==0 AND X_5==0,0,0.0,0.0,0.0,93,59.26256990432739
3000,25,35765.56996418967,367,X_6==1 AND X_20==0 AND X_2==1 AND X_12==1,X_12==1 AND X_20==0 AND X_2==1 AND X_6==1,0,1.0,1.0,1.0,93,521.3804516792297
10000,25,42520.92674585361,1088,X_3==16 AND X_0==1 AND X_16==0 AND X_7==1,X_0==1 AND X_16==0 AND X_3==16 AND X_7==1,0,1.0,1.0,1.0,93,3.347975730895996
1000,25,24036.95383566673,121,X_5==1 AND X_0==16 AND X_9==0 AND X_17==0,X_10==1 AND X_12==1 AND X_13==1 AND X_21==1 AND X_7==0 AND X_8==0 AND X_9==1,0,0.0,0.0,0.0,94,61.59547400474548
3000,25,47101.77412575488,318,X_1==2 AND X_17==1 AND X_2==8 AND X_14==0,X_14==0 AND X_17==1 AND X_1==2 AND X_2==8,0,1.0,1.0,1.0,94,1.9954638481140137
10000,25,28593.857900255665,1206,X_18==0 AND X_20==0 AND X_2==8 AND X_9==1,X_14==0 AND X_21==0 AND X_22==1 AND X_23==1 AND X_2==4 AND X_4==1 AND X_7==1,0,0.0,0.0,0.0,94,6605.197885513306
1000,25,43706.96542469576,150,X_11==0 AND X_13==1 AND X_20==1 AND X_5==0,X_11==0 AND X_13==1 AND X_20==1 AND X_5==0,0,1.0,1.0,1.0,95,5.6443939208984375
3000,25,24841.48430314959,477,X_17==0 AND X_24==1 AND X_21==1 AND X_10==1,X_11==0 AND X_13==1 AND X_14==0 AND X_18==0 AND X_5==0 AND X_6==0 AND X_8==1 AND X_9==0,0,0.0,0.0,0.0,95,532.9258041381836
10000,25,26874.29035028022,1206,X_23==0 AND X_11==1 AND X_4==2 AND X_22==1,X_13==0 AND X_20==1 AND X_22==0,0,0.0,0.0,0.0,95,6859.583612918854
1000,25,29706.92332703339,163,X_10==0 AND X_21==0 AND X_11==0 AND X_12==1,X_10==1 AND X_15==0 AND X_16==0 AND X_17==0 AND X_23==1 AND X_24==0 AND X_7==0,0,0.0,0.0,0.0,96,58.16474795341492
3000,25,26073.16780009968,368,X_12==1 AND X_17==0 AND X_11==0 AND X_1==4,X_16==1 AND X_18==0 AND X_21==1 AND X_2==2 AND X_4==4 AND X_6==1,0,0.0,0.0,0.0,96,618.11341547966
10000,25,31761.8559712561,1087,X_21==1 AND X_0==1 AND X_3==4 AND X_7==0,X_11==0 AND X_15==0 AND X_16==1 AND X_18==1 AND X_21==0 AND X_4==1 AND X_5==0,0,0.0,0.0,0.0,96,7148.824781656265
1000,25,26150.381093271237,120,X_2==2 AND X_12==0 AND X_24==0 AND X_13==1,X_16==1 AND X_18==0 AND X_19==1 AND X_24==0 AND X_5==0 AND X_7==0,1,0.0144927536231884,0.0555555555555555,0.0083333333333333,97,49.1458535194397
3000,25,34748.94813360702,457,X_8==0 AND X_10==0 AND X_19==0 AND X_20==0,X_13==0 AND X_15==1 AND X_19==0 AND X_21==1 AND X_23==1 AND X_6==1,0,0.0541586073500967,0.2333333333333333,0.0306345733041575,97,599.0769126415253
10000,25,41001.11163051284,1244,X_1==16 AND X_10==0 AND X_5==1 AND X_14==1,X_10==0 AND X_14==1 AND X_1==16 AND X_5==1,0,1.0,1.0,1.0,97,61.55847930908203
30000,25,43911.53189047831,4649,X_21==0 AND X_9==1 AND X_15==1 AND X_12==1,X_12==1 AND X_15==1 AND X_21==0 AND X_9==1,0,1.0,1.0,1.0,97,43.90733861923218
1000,25,28333.47381549918,128,X_16==0 AND X_24==0 AND X_9==1 AND X_2==4,X_16==1 AND X_17==1 AND X_23==0 AND X_5==1 AND X_6==1 AND X_8==0,0,0.0,0.0,0.0,98,49.19106960296631
3000,25,32243.349966275357,320,X_3==2 AND X_4==2 AND X_16==0 AND X_21==0,X_10==1 AND X_17==0 AND X_20==0 AND X_23==1 AND X_24==1 AND X_2==16 AND X_6==0,1,0.0060240963855421,0.0833333333333333,0.003125,98,605.3043961524963
10000,25,45483.36784105836,1222,X_7==1 AND X_8==0 AND X_16==0 AND X_0==16,X_0==16 AND X_16==0 AND X_7==1 AND X_8==0,0,1.0,1.0,1.0,98,1108.1552500724792
30000,25,44900.22728553072,3267,X_4==2 AND X_20==1 AND X_2==8 AND X_13==1,X_13==1 AND X_20==1 AND X_2==8 AND X_4==2,0,1.0,1.0,1.0,98,30.16097378730774
1000,25,36848.12209808131,156,X_14==0 AND X_20==0 AND X_5==1 AND X_9==1,X_14==0 AND X_20==0 AND X_5==1 AND X_9==1,0,1.0,1.0,1.0,99,55.537041902542114
3000,25,29598.8812423664,449,X_18==0 AND X_10==0 AND X_13==0 AND X_8==0,X_11==0 AND X_13==1 AND X_14==1 AND X_15==1 AND X_18==0 AND X_24==1 AND X_5==1,0,0.0,0.0,0.0,99,667.228981256485
10000,25,27199.37604199432,1575,X_18==0 AND X_14==0 AND X_23==1 AND X_12==1,X_23==0,0,0.0,0.0,0.0,99,6323.234419107437
